Phase,Checklist_ID,Control_Area,Checklist_Item,Default_Mode,Evidence_Expected,Safety_Constraint,Status,Finding_ID,Notes
Reconnaissance,CHK-001,Scope discovery,"Confirm authorized domains, IP ranges, applications, cloud accounts, remote access, facilities and third parties.",Controlled/non-destructive by default,"Assessment notes, approved evidence, timestamps, relevant logs/configuration/request-response evidence",Follow ROE; stop on unexpected operational/safety impact,Not Started,,
Reconnaissance,CHK-002,External attack surface,"Identify domains, subdomains, DNS, public IPs, internet gateways, firewalls, WAF, load balancers, reverse proxies and exposed applications.",Controlled/non-destructive by default,"Assessment notes, approved evidence, timestamps, relevant logs/configuration/request-response evidence",Follow ROE; stop on unexpected operational/safety impact,Not Started,,
Reconnaissance,CHK-003,Application discovery,"Identify web applications, admin panels, cPanel/hosting, portals, ERP/MES/QMS/WMS/CMMS/CRM/HRMS and mobile/API surfaces where applicable.",Controlled/non-destructive by default,"Assessment notes, approved evidence, timestamps, relevant logs/configuration/request-response evidence",Follow ROE; stop on unexpected operational/safety impact,Not Started,,
Reconnaissance,CHK-004,Engineering discovery,"Identify CAD/CAM/PLM, engineering workstations, repositories, design/IP stores and engineering integrations.",Controlled/non-destructive by default,"Assessment notes, approved evidence, timestamps, relevant logs/configuration/request-response evidence",Follow ROE; stop on unexpected operational/safety impact,Not Started,,
Reconnaissance,CHK-005,OT discovery,"Identify OT zones, SCADA/DCS/PLC/HMI/RTU/historian/engineering stations/gateways using approved passive or controlled methods.",Controlled/non-destructive by default,"Assessment notes, approved evidence, timestamps, relevant logs/configuration/request-response evidence",Follow ROE; stop on unexpected operational/safety impact,Not Started,,
Reconnaissance,CHK-006,Cloud/IIoT discovery,"Identify cloud platforms, object storage, IAM, APIs, edge gateways, IIoT platforms, brokers and device-management services.",Controlled/non-destructive by default,"Assessment notes, approved evidence, timestamps, relevant logs/configuration/request-response evidence",Follow ROE; stop on unexpected operational/safety impact,Not Started,,
Reconnaissance,CHK-007,Remote/third-party discovery,"Identify VPN, jump/bastion, RDP/SSH/VNC, vendor support, MSP/MSSP, integrators and supplier connections.",Controlled/non-destructive by default,"Assessment notes, approved evidence, timestamps, relevant logs/configuration/request-response evidence",Follow ROE; stop on unexpected operational/safety impact,Not Started,,
Reconnaissance,CHK-008,Data discovery,"Identify PII, financial, production, quality, recipe, CAD/IP, source/firmware, credentials, keys, tokens, certificates and backup data classes.",Controlled/non-destructive by default,"Assessment notes, approved evidence, timestamps, relevant logs/configuration/request-response evidence",Follow ROE; stop on unexpected operational/safety impact,Not Started,,
Reconnaissance,CHK-009,Recon evidence,"Record source, timestamp, confidence and authorization status; distinguish observation from inference.",Controlled/non-destructive by default,"Assessment notes, approved evidence, timestamps, relevant logs/configuration/request-response evidence",Follow ROE; stop on unexpected operational/safety impact,Not Started,,
Scanning & Enumeration,CHK-010,Host/service enumeration,"Enumerate authorized hosts, ports, services, protocols and management interfaces without unsafe disruption.",Controlled/non-destructive by default,"Assessment notes, approved evidence, timestamps, relevant logs/configuration/request-response evidence",Follow ROE; stop on unexpected operational/safety impact,Not Started,,
Scanning & Enumeration,CHK-011,Technology identification,"Identify OS, application, middleware, database, device and protocol technologies; do not equate version identification with a vulnerability.",Controlled/non-destructive by default,"Assessment notes, approved evidence, timestamps, relevant logs/configuration/request-response evidence",Follow ROE; stop on unexpected operational/safety impact,Not Started,,
Scanning & Enumeration,CHK-012,Network enumeration,"Assess routing, segmentation, firewall exposure, trust boundaries and management-plane exposure.",Controlled/non-destructive by default,"Assessment notes, approved evidence, timestamps, relevant logs/configuration/request-response evidence",Follow ROE; stop on unexpected operational/safety impact,Not Started,,
Scanning & Enumeration,CHK-013,Application/API enumeration,"Map endpoints, methods, parameters, authentication schemes, documentation, schemas and integrations.",Controlled/non-destructive by default,"Assessment notes, approved evidence, timestamps, relevant logs/configuration/request-response evidence",Follow ROE; stop on unexpected operational/safety impact,Not Started,,
Scanning & Enumeration,CHK-014,Identity enumeration,"Review authorized directory, SSO, MFA, RBAC, privileged, service, machine and cloud identities.",Controlled/non-destructive by default,"Assessment notes, approved evidence, timestamps, relevant logs/configuration/request-response evidence",Follow ROE; stop on unexpected operational/safety impact,Not Started,,
Scanning & Enumeration,CHK-015,Cloud enumeration,"Review accounts/projects/subscriptions, networks, IAM, storage, databases, compute, containers, serverless and exposed endpoints.",Controlled/non-destructive by default,"Assessment notes, approved evidence, timestamps, relevant logs/configuration/request-response evidence",Follow ROE; stop on unexpected operational/safety impact,Not Started,,
Scanning & Enumeration,CHK-016,OT enumeration,Prefer passive/read-only methods for sensitive OT; identify assets and protocols with safety gates.,Controlled/non-destructive by default,"Assessment notes, approved evidence, timestamps, relevant logs/configuration/request-response evidence",Follow ROE; stop on unexpected operational/safety impact,Not Started,,
Scanning & Enumeration,CHK-017,Wireless/mobile enumeration,"Assess approved corporate/industrial Wi-Fi, mobile, RFID/BLE/NFC and handheld environments where in scope.",Controlled/non-destructive by default,"Assessment notes, approved evidence, timestamps, relevant logs/configuration/request-response evidence",Follow ROE; stop on unexpected operational/safety impact,Not Started,,
Scanning & Enumeration,CHK-018,Evidence,"Capture enumerated asset/service inventory, timestamps, source and confidence.",Controlled/non-destructive by default,"Assessment notes, approved evidence, timestamps, relevant logs/configuration/request-response evidence",Follow ROE; stop on unexpected operational/safety impact,Not Started,,
Vulnerability Assessment,CHK-019,Vulnerability identification,"Assess known vulnerabilities, unsupported software, missing patches and insecure configurations using approved methods.",Controlled/non-destructive by default,"Assessment notes, approved evidence, timestamps, relevant logs/configuration/request-response evidence",Follow ROE; stop on unexpected operational/safety impact,Not Started,,
Vulnerability Assessment,CHK-020,Configuration review,"Review hardening, default settings, exposed management services, insecure protocols and security controls.",Controlled/non-destructive by default,"Assessment notes, approved evidence, timestamps, relevant logs/configuration/request-response evidence",Follow ROE; stop on unexpected operational/safety impact,Not Started,,
Vulnerability Assessment,CHK-021,Credential/security control review,"Assess password policy, MFA, secrets handling, certificates, keys and service accounts where authorized.",Controlled/non-destructive by default,"Assessment notes, approved evidence, timestamps, relevant logs/configuration/request-response evidence",Follow ROE; stop on unexpected operational/safety impact,Not Started,,
Vulnerability Assessment,CHK-022,Application/API weaknesses,"Assess injection, access control, session/token issues, file handling, business logic, information exposure and API-specific weaknesses.",Controlled/non-destructive by default,"Assessment notes, approved evidence, timestamps, relevant logs/configuration/request-response evidence",Follow ROE; stop on unexpected operational/safety impact,Not Started,,
Vulnerability Assessment,CHK-023,Cloud weaknesses,"Assess IAM, network controls, storage exposure, security groups/NACLs, secrets, logging and service configuration.",Controlled/non-destructive by default,"Assessment notes, approved evidence, timestamps, relevant logs/configuration/request-response evidence",Follow ROE; stop on unexpected operational/safety impact,Not Started,,
Vulnerability Assessment,CHK-024,OT/ICS weaknesses,"Review firmware/software exposure, insecure protocols, remote administration, segmentation, configuration and logging with OT safety constraints.",Controlled/non-destructive by default,"Assessment notes, approved evidence, timestamps, relevant logs/configuration/request-response evidence",Follow ROE; stop on unexpected operational/safety impact,Not Started,,
Vulnerability Assessment,CHK-025,Engineering/IP weaknesses,"Assess CAD/PLM repositories, engineering workstations, source/firmware stores and access controls.",Controlled/non-destructive by default,"Assessment notes, approved evidence, timestamps, relevant logs/configuration/request-response evidence",Follow ROE; stop on unexpected operational/safety impact,Not Started,,
Vulnerability Assessment,CHK-026,False-positive validation,Manually verify material findings before reporting; document evidence and limitations.,Controlled/non-destructive by default,"Assessment notes, approved evidence, timestamps, relevant logs/configuration/request-response evidence",Follow ROE; stop on unexpected operational/safety impact,Not Started,,
Vulnerability Assessment,CHK-027,Risk dimensions,"Consider confidentiality, integrity, availability, safety, production, quality and recovery impact.",Controlled/non-destructive by default,"Assessment notes, approved evidence, timestamps, relevant logs/configuration/request-response evidence",Follow ROE; stop on unexpected operational/safety impact,Not Started,,
Identity / Authentication / Authorization,CHK-028,Identity inventory,"Identify human, privileged, vendor, contractor, service, machine, API, cloud and break-glass accounts.",Controlled/non-destructive by default,"Assessment notes, approved evidence, timestamps, relevant logs/configuration/request-response evidence",Follow ROE; stop on unexpected operational/safety impact,Not Started,,
Identity / Authentication / Authorization,CHK-029,Authentication,"Assess password controls, MFA, SSO, certificates, device identity and authentication flows.",Controlled/non-destructive by default,"Assessment notes, approved evidence, timestamps, relevant logs/configuration/request-response evidence",Follow ROE; stop on unexpected operational/safety impact,Not Started,,
Identity / Authentication / Authorization,CHK-030,Authorization,"Assess RBAC/least privilege, object-level access, segregation of duties and server-side enforcement.",Controlled/non-destructive by default,"Assessment notes, approved evidence, timestamps, relevant logs/configuration/request-response evidence",Follow ROE; stop on unexpected operational/safety impact,Not Started,,
Identity / Authentication / Authorization,CHK-031,Privileged access,"Review PAM, administrator paths, privileged sessions and emergency/break-glass access.",Controlled/non-destructive by default,"Assessment notes, approved evidence, timestamps, relevant logs/configuration/request-response evidence",Follow ROE; stop on unexpected operational/safety impact,Not Started,,
Identity / Authentication / Authorization,CHK-032,Lifecycle,"Review joiner/mover/leaver, dormant/excessive access, credential rotation and revocation.",Controlled/non-destructive by default,"Assessment notes, approved evidence, timestamps, relevant logs/configuration/request-response evidence",Follow ROE; stop on unexpected operational/safety impact,Not Started,,
Identity / Authentication / Authorization,CHK-033,Remote/vendor access,"Assess time-bounded access, MFA, least privilege, session logging and revocation.",Controlled/non-destructive by default,"Assessment notes, approved evidence, timestamps, relevant logs/configuration/request-response evidence",Follow ROE; stop on unexpected operational/safety impact,Not Started,,
Identity / Authentication / Authorization,CHK-034,Machine/API identities,"Review non-human identities, tokens, secrets, certificates and service accounts.",Controlled/non-destructive by default,"Assessment notes, approved evidence, timestamps, relevant logs/configuration/request-response evidence",Follow ROE; stop on unexpected operational/safety impact,Not Started,,
Identity / Authentication / Authorization,CHK-035,Evidence,"Record role matrices, approved test accounts, access outcomes and relevant logs without collecting unnecessary secrets.",Controlled/non-destructive by default,"Assessment notes, approved evidence, timestamps, relevant logs/configuration/request-response evidence",Follow ROE; stop on unexpected operational/safety impact,Not Started,,
Web / API / Application,CHK-036,Application inventory,"Identify business-critical applications, portals, mobile apps, admin interfaces and integrations.",Controlled/non-destructive by default,"Assessment notes, approved evidence, timestamps, relevant logs/configuration/request-response evidence",Follow ROE; stop on unexpected operational/safety impact,Not Started,,
Web / API / Application,CHK-037,Authentication/session,"Assess authentication, session management, token handling, logout, timeout and recovery flows.",Controlled/non-destructive by default,"Assessment notes, approved evidence, timestamps, relevant logs/configuration/request-response evidence",Follow ROE; stop on unexpected operational/safety impact,Not Started,,
Web / API / Application,CHK-038,Authorization,"Test server-side authorization, horizontal/vertical access boundaries and object-level access controls.",Controlled/non-destructive by default,"Assessment notes, approved evidence, timestamps, relevant logs/configuration/request-response evidence",Follow ROE; stop on unexpected operational/safety impact,Not Started,,
Web / API / Application,CHK-039,Input/output handling,"Assess input validation, injection classes, encoding, deserialization where applicable and error handling.",Controlled/non-destructive by default,"Assessment notes, approved evidence, timestamps, relevant logs/configuration/request-response evidence",Follow ROE; stop on unexpected operational/safety impact,Not Started,,
Web / API / Application,CHK-040,File handling,"Assess upload/download, path handling, file type controls, storage and access boundaries.",Controlled/non-destructive by default,"Assessment notes, approved evidence, timestamps, relevant logs/configuration/request-response evidence",Follow ROE; stop on unexpected operational/safety impact,Not Started,,
Web / API / Application,CHK-041,Business logic,"Assess workflow abuse, state transitions, approval controls, quantity/price/production/quality logic where applicable.",Controlled/non-destructive by default,"Assessment notes, approved evidence, timestamps, relevant logs/configuration/request-response evidence",Follow ROE; stop on unexpected operational/safety impact,Not Started,,
Web / API / Application,CHK-042,API security,"Assess API authentication, authorization, object-level access, rate limiting, schema validation, sensitive data and error handling.",Controlled/non-destructive by default,"Assessment notes, approved evidence, timestamps, relevant logs/configuration/request-response evidence",Follow ROE; stop on unexpected operational/safety impact,Not Started,,
Web / API / Application,CHK-043,Configuration,"Review security headers, TLS, CORS, exposed documentation, debug settings and secrets exposure.",Controlled/non-destructive by default,"Assessment notes, approved evidence, timestamps, relevant logs/configuration/request-response evidence",Follow ROE; stop on unexpected operational/safety impact,Not Started,,
Web / API / Application,CHK-044,Data exposure,"Assess PII, employee, supplier, customer, production, quality, recipe and engineering/IP exposure.",Controlled/non-destructive by default,"Assessment notes, approved evidence, timestamps, relevant logs/configuration/request-response evidence",Follow ROE; stop on unexpected operational/safety impact,Not Started,,
Internal / OT / ICS,CHK-045,OT architecture,"Map ISA-95/Purdue-aligned levels where applicable, zones/conduits, industrial DMZ and IT/OT trust boundaries.",Passive/read-only or controlled where OT/production is involved,"Assessment notes, approved evidence, timestamps, relevant logs/configuration/request-response evidence",Passive/read-only preferred; no uncontrolled PLC/DCS/SCADA/SIS changes; disruptive validation in lab/digital twin where possible,Not Started,,
Internal / OT / ICS,CHK-046,OT asset inventory,"Identify PLC, HMI, SCADA, DCS, RTU, historian, engineering station, industrial gateway and network assets.",Passive/read-only or controlled where OT/production is involved,"Assessment notes, approved evidence, timestamps, relevant logs/configuration/request-response evidence",Passive/read-only preferred; no uncontrolled PLC/DCS/SCADA/SIS changes; disruptive validation in lab/digital twin where possible,Not Started,,
Internal / OT / ICS,CHK-047,OT protocol review,"Assess applicable industrial protocols such as Modbus/TCP, OPC UA, EtherNet/IP, PROFINET, MQTT and vendor protocols using safe methods.",Passive/read-only or controlled where OT/production is involved,"Assessment notes, approved evidence, timestamps, relevant logs/configuration/request-response evidence",Passive/read-only preferred; no uncontrolled PLC/DCS/SCADA/SIS changes; disruptive validation in lab/digital twin where possible,Not Started,,
Internal / OT / ICS,CHK-048,Segmentation,"Review firewall rules, routing, conduits, remote paths and management interfaces.",Passive/read-only or controlled where OT/production is involved,"Assessment notes, approved evidence, timestamps, relevant logs/configuration/request-response evidence",Passive/read-only preferred; no uncontrolled PLC/DCS/SCADA/SIS changes; disruptive validation in lab/digital twin where possible,Not Started,,
Internal / OT / ICS,CHK-049,OT identity,"Assess operator/engineer/admin/service accounts, remote access, vendor access and privileged paths.",Passive/read-only or controlled where OT/production is involved,"Assessment notes, approved evidence, timestamps, relevant logs/configuration/request-response evidence",Passive/read-only preferred; no uncontrolled PLC/DCS/SCADA/SIS changes; disruptive validation in lab/digital twin where possible,Not Started,,
Internal / OT / ICS,CHK-050,Configuration/firmware,"Review authorized configurations, firmware/software versions, hardening, backups and change controls.",Passive/read-only or controlled where OT/production is involved,"Assessment notes, approved evidence, timestamps, relevant logs/configuration/request-response evidence",Passive/read-only preferred; no uncontrolled PLC/DCS/SCADA/SIS changes; disruptive validation in lab/digital twin where possible,Not Started,,
Internal / OT / ICS,CHK-051,Safety systems,Identify SIS/safety PLC/interlocks/emergency systems and apply dedicated safety restrictions.,Passive/read-only or controlled where OT/production is involved,"Assessment notes, approved evidence, timestamps, relevant logs/configuration/request-response evidence",Passive/read-only preferred; no uncontrolled PLC/DCS/SCADA/SIS changes; disruptive validation in lab/digital twin where possible,Not Started,,
Internal / OT / ICS,CHK-052,Passive-first validation,Prefer observe/identify/passive/read-only validation for sensitive production assets.,Passive/read-only or controlled where OT/production is involved,"Assessment notes, approved evidence, timestamps, relevant logs/configuration/request-response evidence",Passive/read-only preferred; no uncontrolled PLC/DCS/SCADA/SIS changes; disruptive validation in lab/digital twin where possible,Not Started,,
Internal / OT / ICS,CHK-053,Monitoring,"Assess OT logging, alerting, IDS/NDR and SIEM integration where applicable.",Passive/read-only or controlled where OT/production is involved,"Assessment notes, approved evidence, timestamps, relevant logs/configuration/request-response evidence",Passive/read-only preferred; no uncontrolled PLC/DCS/SCADA/SIS changes; disruptive validation in lab/digital twin where possible,Not Started,,
Internal / OT / ICS,CHK-054,Incident/recovery,"Review OT incident response, backup/restore, golden images and recovery readiness.",Passive/read-only or controlled where OT/production is involved,"Assessment notes, approved evidence, timestamps, relevant logs/configuration/request-response evidence",Passive/read-only preferred; no uncontrolled PLC/DCS/SCADA/SIS changes; disruptive validation in lab/digital twin where possible,Not Started,,
Validation / Business Impact,CHK-055,Finding validation,Verify material findings manually where safe; document false-positive reasoning and limitations.,Controlled/non-destructive by default,"Assessment notes, approved evidence, timestamps, relevant logs/configuration/request-response evidence",Follow ROE; stop on unexpected operational/safety impact,Not Started,,
Validation / Business Impact,CHK-056,Attack path analysis,"Assess realistic paths across identity, IT, cloud, engineering, vendor access and IT/OT boundaries.",Controlled/non-destructive by default,"Assessment notes, approved evidence, timestamps, relevant logs/configuration/request-response evidence",Follow ROE; stop on unexpected operational/safety impact,Not Started,,
Validation / Business Impact,CHK-057,Business process mapping,"Map findings to procurement, inventory, production, quality, maintenance, warehouse, engineering and customer processes as applicable.",Controlled/non-destructive by default,"Assessment notes, approved evidence, timestamps, relevant logs/configuration/request-response evidence",Follow ROE; stop on unexpected operational/safety impact,Not Started,,
Validation / Business Impact,CHK-058,Impact dimensions,"Assess technical, confidentiality, integrity, availability, safety, production, quality, financial, IP and recovery impact.",Controlled/non-destructive by default,"Assessment notes, approved evidence, timestamps, relevant logs/configuration/request-response evidence",Follow ROE; stop on unexpected operational/safety impact,Not Started,,
Validation / Business Impact,CHK-059,Controlled exploit validation,Only perform controlled validation within ROE; use lab/digital twin for disruptive OT validation where possible.,Controlled/non-destructive by default,"Assessment notes, approved evidence, timestamps, relevant logs/configuration/request-response evidence",Follow ROE; stop on unexpected operational/safety impact,Not Started,,
Validation / Business Impact,CHK-060,Detection validation,"Where authorized, assess whether relevant activity is logged/detected by SIEM/EDR/OT monitoring.",Controlled/non-destructive by default,"Assessment notes, approved evidence, timestamps, relevant logs/configuration/request-response evidence",Follow ROE; stop on unexpected operational/safety impact,Not Started,,
Validation / Business Impact,CHK-061,Recovery implications,"Assess backup, restore, RTO/RPO and single points of failure where relevant.",Controlled/non-destructive by default,"Assessment notes, approved evidence, timestamps, relevant logs/configuration/request-response evidence",Follow ROE; stop on unexpected operational/safety impact,Not Started,,
Reporting / Remediation / Retest,CHK-062,Finding record,"Use standardized ID, title, asset, description, evidence, impact, severity, root cause, remediation, references and retest status.",Controlled/non-destructive by default,"Assessment notes, approved evidence, timestamps, relevant logs/configuration/request-response evidence",Follow ROE; stop on unexpected operational/safety impact,Not Started,,
Reporting / Remediation / Retest,CHK-063,Risk scoring,Use CVSS where appropriate and supplement with manufacturing-specific operational/safety context.,Controlled/non-destructive by default,"Assessment notes, approved evidence, timestamps, relevant logs/configuration/request-response evidence",Follow ROE; stop on unexpected operational/safety impact,Not Started,,
Reporting / Remediation / Retest,CHK-064,Evidence quality,"Ensure evidence is reproducible, timestamped, minimized and linked to the finding.",Controlled/non-destructive by default,"Assessment notes, approved evidence, timestamps, relevant logs/configuration/request-response evidence",Follow ROE; stop on unexpected operational/safety impact,Not Started,,
Reporting / Remediation / Retest,CHK-065,Remediation,Provide actionable technical and process remediation plus compensating controls where appropriate.,Controlled/non-destructive by default,"Assessment notes, approved evidence, timestamps, relevant logs/configuration/request-response evidence",Follow ROE; stop on unexpected operational/safety impact,Not Started,,
Reporting / Remediation / Retest,CHK-066,Management reporting,"Provide executive summary, scope, methodology, risk summary, operational impact and recommendations.",Controlled/non-destructive by default,"Assessment notes, approved evidence, timestamps, relevant logs/configuration/request-response evidence",Follow ROE; stop on unexpected operational/safety impact,Not Started,,
Reporting / Remediation / Retest,CHK-067,Retest,"Validate remediation, record residual risk and distinguish fixed/partially fixed/not fixed/not retested.",Controlled/non-destructive by default,"Assessment notes, approved evidence, timestamps, relevant logs/configuration/request-response evidence",Follow ROE; stop on unexpected operational/safety impact,Not Started,,
Reporting / Remediation / Retest,CHK-068,QA/peer review,"Review scope coverage, evidence, severity rationale, references, duplicates and sensitive-data handling before release.",Controlled/non-destructive by default,"Assessment notes, approved evidence, timestamps, relevant logs/configuration/request-response evidence",Follow ROE; stop on unexpected operational/safety impact,Not Started,,
