Map ID,Assessment Domain,Asset Families,VAPT Phase,Control Objective,Primary Standard,Reference / Mapping Area,Assessment Mode,Expected Evidence,Safety / Manufacturing Consideration,Related Knowledge Units
MAP-001,Authorization and Rules of Engagement,All,Reconnaissance / Reporting,"Verify written authorization, scope, exclusions, contacts, stop conditions and reporting path.",NIST SP 800-115,Planning and conducting technical security tests,Document review,Signed authorization; ROE; scope list; contacts; stop conditions,OT production testing requires explicit owner/safety approval.,MFG-E001; MFG-E008; MFG-X178
MAP-002,Cybersecurity governance,All,Reporting / Remediation,"Establish accountable owners, risk governance and cybersecurity program responsibilities.",NIST CSF 2.0,GV function,Document/interview,Policies; roles; risk register; governance records,"Include plant, OT and safety stakeholders.",MFG-X020; MFG-X021
MAP-003,ISMS and risk management,Corporate IT; Cloud; OT; Data,Reporting / Remediation,"Assess whether security risks are identified, treated and reviewed systematically.",ISO/IEC 27001:2022,ISMS requirements,Document/interview,ISMS scope; risk methodology; treatment records; review evidence,Do not treat ISO certification as proof of technical security.,MFG-X022; MFG-X024
MAP-004,Manufacturing architecture,All OT/ICS; Enterprise,Reconnaissance,"Identify ISA-95 levels, interfaces and trust boundaries.",ISA-95 / IEC 62264,Levels 0-4 and Level 3/4 interfaces,Architecture review/passive discovery,Architecture diagrams; asset inventory; data-flow diagrams,Avoid active probing of Level 0/1 without approval.,MFG-E002; MFG-E005; MFG-X001; MFG-X002
MAP-005,OT security program,OT/ICS; Industrial,All OT phases,"Assess OT security governance with performance, reliability and safety constraints.",NIST SP 800-82 Rev.3,OT security architecture and risk guidance,Document + passive/controlled technical test,OT security plan; architecture; procedures; test records,Safety and availability take precedence over aggressive testing.,MFG-E006; MFG-X006; MFG-X007
MAP-006,IACS security program,OT/ICS; Engineering; Industrial,All OT phases,"Assess asset-owner security program, lifecycle and security requirements.",ISA/IEC 62443,62443-2-1; 2-4; 3-2; 3-3; 4-1; 4-2,Document + controlled technical test,Security program; risk assessment; zone/conduit model; supplier requirements,Use defined security levels and safety constraints; do not infer certification from a test.,MFG-X003; MFG-X004; MFG-X005
MAP-007,Asset inventory,All,Reconnaissance,"Identify known, unknown, unmanaged and externally exposed assets and owners.",NIST CSF 2.0,ID.AM,Passive + controlled discovery,Asset inventory; CMDB; discovery output; ownership records,Passive discovery preferred in OT.,MFG-E003; MFG-E011; MFG-E012; MFG-X030
MAP-008,Vulnerability management,IT; Servers; Endpoints; Network; OT where supported,Vulnerability Assessment,"Identify, validate, prioritize and track vulnerabilities.",CIS Controls v8.1,Control 7: Continuous Vulnerability Management,Authenticated/unauthenticated scanning + manual validation,Scan reports; versions; validation notes; remediation tickets,OT scanning requires vendor/asset-owner approval and safe profiles.,MFG-E071; MFG-E072; MFG-X031
MAP-009,Configuration security,Servers; Network; Cloud; OT,Scanning / Vulnerability Assessment,Assess insecure configurations against approved baselines.,CIS Controls v8.1,Control 4: Secure Configuration of Enterprise Assets and Software,Configuration review,Baselines; config exports; deviations; exceptions,Never apply hardening directly during assessment without change approval.,MFG-E073; MFG-E074; MFG-X032
MAP-010,Software integrity,Endpoints; Servers; OT; Engineering,Vulnerability Assessment,"Assess unauthorized software, integrity controls and change detection.",NIST SP 1800-10,Application allowlisting; file integrity; software modification protection,Review + controlled validation,Allowlist; FIM alerts; approved software list; change records,Protect production binaries and controller programs from modification.,MFG-E078; MFG-E177; MFG-X080
MAP-011,Identity and access,AD/LDAP/SSO/PAM; OT; Cloud,Identity / Authentication / Authorization,"Assess account lifecycle, authentication, authorization, privileged access and service identities.",NIST CSF 2.0,PR.AA,Credentialed review + controlled access testing,Account inventory; MFA config; role matrix; privileged session records,Avoid lockout or service-account disruption.,MFG-E097; MFG-E098; MFG-E099; MFG-X040
MAP-012,Remote access,VPN; RDP; SSH; Jump hosts; Vendor access,Identity / Infrastructure,"Assess secure remote access, MFA, authorization, segmentation and session control.",NIST SP 800-82 Rev.3,Remote access security guidance,Configuration review + controlled connection test,VPN configs; MFA evidence; jump-host logs; vendor access records,Production remote access changes can affect availability; coordinate windows.,MFG-E200; MFG-E201; MFG-E203; MFG-E205
MAP-013,Privileged access,PAM; Admin accounts; Engineering stations; OT,Identity / Validation,"Assess least privilege, separation of duties, privileged session controls and break-glass access.",ISA/IEC 62443,62443-2-1 / 3-3 access-control requirements,Role review + controlled authorization test,Role matrix; PAM policy; session logs; break-glass procedure,Protect operator and safety functions from privilege changes.,MFG-X041; MFG-X042
MAP-014,Network segmentation,IT/OT; Industrial networks; DMZ; Cloud,Scanning / Internal OT / Validation,"Assess zones, conduits, ACLs and permitted flows between trust boundaries.",ISA/IEC 62443,Zones and conduits; risk-based segmentation,Passive capture + controlled path validation,Zone/conduit diagram; firewall rules; flow matrix; test results,Do not introduce traffic that can disturb controllers or safety systems.,MFG-E198; MFG-E197; MFG-X010; MFG-X011
MAP-015,Industrial protocols,Modbus/TCP; OPC UA; EtherNet/IP; PROFINET; MQTT; DNP3; others,Scanning / Internal OT,"Identify exposed protocols, insecure services and unauthorized paths.",NIST SP 800-82 Rev.3,OT communication and architecture guidance,Passive protocol analysis + controlled validation,Protocol inventory; packet captures; service inventory,Prefer passive inspection; no write/control commands in production.,MFG-E145; MFG-E146; MFG-E147; MFG-X012
MAP-016,Firewall and ACL control,Firewalls; Routers; OT gateways; Cloud security groups,Scanning / Internal OT,Validate least-privilege network paths and management-plane exposure.,NIST CSF 2.0,PR.IR; PR.DS,Configuration review + controlled path test,Rulesets; network diagrams; allowed-flow matrix; logs,Coordinate tests crossing OT boundaries.,MFG-E197; MFG-E199; MFG-E183
MAP-017,Web application security,Web apps; Portals; Admin panels; cPanel,Web / API / Application,Assess common web application security risks and business access controls.,OWASP Top 10:2021,A01-A10,Manual + automated web testing,Requests/responses; auth evidence; configuration; sanitized screenshots,Avoid destructive actions and real production transactions.,MFG-E117; MFG-E118; MFG-E119; MFG-E120
MAP-018,API security,REST; SOAP; GraphQL; gRPC; WebSockets; IoT APIs,Web / API / Application,"Assess API authorization, authentication, inventory, resource consumption and unsafe integrations.",OWASP API Security Top 10:2023,API1-API10,Manual + automated API testing,OpenAPI/spec inventory; request/response evidence; authorization matrix,Rate-limit tests and resource exhaustion tests must be bounded.,MFG-E121; MFG-E122; MFG-E123; MFG-E124
MAP-019,Application authentication,Web; API; ERP; MES; PLM; portals,Identity / Web / API,"Assess authentication failures, session management and MFA where applicable.",OWASP Top 10:2021,A07 Identification and Authentication Failures,Controlled account testing,Auth flows; session evidence; MFA configuration,Do not lock out production operator accounts.,MFG-E126; MFG-E127
MAP-020,Cloud IAM,AWS; Azure; GCP; private cloud,Engineering / IIoT / Cloud,"Assess identities, roles, service accounts, keys, privilege and trust relationships.",NIST CSF 2.0,PR.AA; PR.DS,Configuration review + controlled validation,IAM policies; role inventory; key age; trust policy evidence,Never rotate/delete production credentials during assessment.,MFG-E184; MFG-E193; MFG-X100
MAP-021,Cloud network security,VPC/VNet; SG/NACL; LB; private endpoints,Engineering / IIoT / Cloud,"Assess segmentation, public exposure and control-plane access.",CIS Controls v8.1,Network infrastructure management and secure configuration safeguards,Configuration review + controlled reachability test,Topology; SG/NACL rules; public exposure report,Avoid changing routing or firewall state during testing.,MFG-E183; MFG-E185
MAP-022,Object storage and data services,S3; Blob; data lakes; cloud DBs,Engineering / IIoT / Cloud; Data,"Assess public exposure, access control, encryption, logging and data leakage.",NIST CSF 2.0,PR.DS; PR.AA,Configuration review + controlled access test,Bucket/container policy; encryption config; access logs; sample non-sensitive data,Use synthetic/non-sensitive data where possible.,MFG-E189; MFG-E190; MFG-E217
MAP-023,Data protection,PII; production; quality; CAD/IP; credentials; keys,Data / Privacy / IP,"Assess classification, access, retention, encryption, leakage and secure handling.",NIST CSF 2.0,PR.DS,Document + controlled technical test,Data classification; access matrix; encryption evidence; DLP/log evidence,Minimize collection and redact sensitive manufacturing/IP data.,MFG-E217; MFG-E218; MFG-E219; MFG-X070
MAP-024,Privacy,Employee/customer/supplier PII,Data / Privacy / IP,"Assess collection, access, retention and disclosure controls appropriate to applicable obligations.",ISO/IEC 27001:2022,ISMS/privacy-related controls as applicable,Document + controlled access test,Data inventory; privacy notices; retention records; access evidence,Do not export unnecessary PII into assessment artifacts.,MFG-E220; MFG-X071
MAP-025,Secrets and cryptographic material,API keys; passwords; certificates; private keys; KMS,Identity / Data / Cloud,"Assess secret storage, key lifecycle, certificate management and cryptographic protection.",NIST CSF 2.0,PR.DS; PR.AA,Configuration/code review + controlled validation,Secret-store config; certificate inventory; TLS evidence; key lifecycle records,Never expose private keys or real secrets in reports.,MFG-E193; MFG-E225; MFG-X082
MAP-026,Safety and process protection,SIS; Safety PLC; interlocks; emergency functions,Internal OT / Validation,Assess cybersecurity controls around safety-related functions without unsafe manipulation.,NIST SP 800-82 Rev.3,Safety/reliability-aware OT security guidance,Document + passive/controlled validation,Safety architecture; approvals; test constraints; evidence,"No safety-function manipulation in production unless explicitly engineered, approved and controlled.",MFG-E006; MFG-E160; MFG-X008; MFG-X009
MAP-027,PLC/HMI/SCADA security,PLC; PAC; RTU; HMI; SCADA; engineering stations,Internal OT / Validation,"Assess authentication, configuration, firmware, remote access, program integrity and monitoring.",ISA/IEC 62443,62443-3-3 system security requirements; 4-2 component security,Passive + configuration review + controlled validation,Controller inventory; firmware; configs; access logs; backups,Default to read-only; use lab/digital twin for disruptive validation.,MFG-E144; MFG-E149; MFG-E151; MFG-E154
MAP-028,OT monitoring and detection,OT IDS; SIEM; NDR; logs,Monitoring / Detection,"Assess visibility, event collection, detection logic and escalation for OT events.",NIST SP 800-82 Rev.3,Monitoring and incident response guidance,Configuration review + controlled detection test,Log sources; detection rules; alert evidence; escalation records,Detection tests must not trigger unsafe plant responses.,MFG-E235; MFG-E236; MFG-X060; MFG-X061
MAP-029,Third-party and vendor risk,Vendors; integrators; MSP/MSSP; remote support,Network / Remote / Supply Chain,"Assess third-party access, security requirements, authorization, monitoring and offboarding.",ISA/IEC 62443,Supplier/service-provider lifecycle requirements,Document + controlled access review,Contracts; access matrix; vendor accounts; logs; offboarding records,Vendor maintenance windows require plant approval.,MFG-E205; MFG-E206; MFG-E208; MFG-X050
MAP-030,Software supply chain,Git; CI/CD; package registries; firmware update channels,Network / Remote / Supply Chain; Cloud,"Assess source integrity, dependency risk, build pipeline access, signing and update controls.",CIS Controls v8.1,Application software security and service-provider safeguards,Code/config review + controlled pipeline test,Repo permissions; branch protections; SBOM; signing; build logs,Do not alter release pipelines or firmware in production.,MFG-E209; MFG-E210; MFG-E211; MFG-X090
MAP-031,Logging and auditability,Servers; Cloud; OT; Applications; IAM,Monitoring / Detection,"Assess logging coverage, integrity, retention, time synchronization and review.",NIST CSF 2.0,DE.CM; DE.AE,Configuration review + controlled event generation,Log source matrix; retention; timestamps; SIEM ingestion; sample alerts,Ensure time synchronization evidence is interpreted in plant context.,MFG-E235; MFG-E240; MFG-X062
MAP-032,Incident response,All,Validation / Reporting,"Assess incident handling, escalation, containment and recovery coordination.",NIST CSF 2.0,RS.MA; RS.AN; RS.CO; RS.MI; RC.RP; RC.CO,Document review + tabletop/controlled exercise,IR plan; contacts; playbooks; exercise results; recovery evidence,"OT containment must account for safety, production and process state.",MFG-X063; MFG-X064; MFG-X065
MAP-033,Backup and recovery,Servers; DB; PLC; SCADA; HMI; Engineering; Cloud,Validation / Business Impact,"Assess backup integrity, offline/immutable copies, restoration and recovery objectives.",NIST SP 800-82 Rev.3,OT backup/recovery and resilience guidance,Document + restore test in approved environment,Backup inventory; restore evidence; RTO/RPO; golden images,Prefer non-production restoration; protect operational continuity.,MFG-E242; MFG-E243; MFG-E244; MFG-X051
MAP-034,Business impact,ERP; MES; production; safety; quality; utilities,Validation / Business Impact,"Connect technical findings to production, safety, quality, recovery and business consequences.",NIST CSF 2.0,GV.RM; ID.RA; RC.RP,Workshop + evidence review,BIA; critical process map; dependency matrix; impact rationale,Safety and process impacts must be reviewed by responsible plant personnel.,MFG-E252; MFG-E253; MFG-X070
MAP-035,Finding classification,All,Reporting / Remediation,"Classify root weakness consistently and distinguish observation, vulnerability and control gap.",CWE,CWE weakness taxonomy,Analyst/reviewer assessment,Finding record; CWE mapping rationale; evidence references,"CWE is a classification, not a severity score.",MFG-E266; MFG-E267; MFG-X120
MAP-036,Vulnerability severity,All,Reporting / Remediation,Score technical vulnerability characteristics and record environmental/contextual impact separately.,CVSS v4.0,Base/Threat/Environmental/Supplemental metrics,Analyst calculation + peer review,CVSS vector; score rationale; environmental factors,"For OT, record safety/recovery context; CVSS must not replace business/plant risk assessment.",MFG-E268; MFG-X121
MAP-037,Threat-informed mapping,OT/ICS; Remote Access; Cloud; Engineering,Validation / Business Impact,Map observed attack paths or exposures to relevant ICS adversary tactics/techniques.,MITRE ATT&CK for ICS,ICS tactics and techniques,Analyst mapping,ATT&CK technique IDs; evidence; attack-path narrative,Use mapping for context; do not infer compromise solely from a technique match.,MFG-X110; MFG-X111; MFG-E252
MAP-038,Remediation validation,All,Reporting / Remediation / Retest,Verify remediation claims with reproducible evidence and record residual risk.,NIST SP 800-115,Analysis and reporting of findings,Retest,Original finding; remediation proof; retest evidence; status,Retest in production only under approved conditions.,MFG-E279; MFG-E280; MFG-E281
MAP-039,Penetration test validation,Enterprise IT; Web; Network,Reporting / Remediation,Verify security measures after testing and track remediation of findings.,CIS Controls v8.1,Safeguards 18.3 and 18.4,Review + retest,Remediation tickets; retest evidence; updated controls,Do not repeat unsafe OT actions simply to prove closure.,MFG-E279; MFG-X124
MAP-040,Phase control baseline,Applicable assets,Reconnaissance,"Discover attack surface, ownership, architecture and trust boundaries",NIST CSF 2.0 / NIST SP 800-115,Phase-specific assessment lifecycle,Checklist + evidence review,Checklist status; observations; evidence; findings as applicable,Apply OT safety gate wherever OT/ICS assets are involved.,Phase-Reconnaissance
MAP-041,Phase control baseline,Applicable assets,Scanning & Enumeration,"Enumerate services, protocols, versions and exposed management interfaces safely",NIST CSF 2.0 / NIST SP 800-115,Phase-specific assessment lifecycle,Checklist + evidence review,Checklist status; observations; evidence; findings as applicable,Apply OT safety gate wherever OT/ICS assets are involved.,Phase-Scanning & Enumeration
MAP-042,Phase control baseline,Applicable assets,Vulnerability Assessment,Identify and validate weaknesses without assuming scanner output proves exploitability,NIST CSF 2.0 / NIST SP 800-115,Phase-specific assessment lifecycle,Checklist + evidence review,Checklist status; observations; evidence; findings as applicable,Apply OT safety gate wherever OT/ICS assets are involved.,Phase-Vulnerability Assessment
MAP-043,Phase control baseline,Applicable assets,Identity / Authentication / Authorization,"Assess identity lifecycle, authentication, authorization and privilege",NIST CSF 2.0 / NIST SP 800-115,Phase-specific assessment lifecycle,Checklist + evidence review,Checklist status; observations; evidence; findings as applicable,Apply OT safety gate wherever OT/ICS assets are involved.,Phase-Identity / Authentication / Authorization
MAP-044,Phase control baseline,Applicable assets,Web / API / Application / Infrastructure,"Assess applications, APIs, infrastructure services and integration paths",NIST CSF 2.0 / NIST SP 800-115,Phase-specific assessment lifecycle,Checklist + evidence review,Checklist status; observations; evidence; findings as applicable,Apply OT safety gate wherever OT/ICS assets are involved.,Phase-Web / API / Application / Infrastructure
MAP-045,Phase control baseline,Applicable assets,Internal / OT / ICS,"Assess OT architecture, segmentation, controllers, monitoring and safety-aware controls",NIST CSF 2.0 / NIST SP 800-115,Phase-specific assessment lifecycle,Checklist + evidence review,Checklist status; observations; evidence; findings as applicable,Apply OT safety gate wherever OT/ICS assets are involved.,Phase-Internal / OT / ICS
MAP-046,Phase control baseline,Applicable assets,Engineering / IIoT / Cloud,"Assess engineering systems, edge, IIoT and cloud services",NIST CSF 2.0 / NIST SP 800-115,Phase-specific assessment lifecycle,Checklist + evidence review,Checklist status; observations; evidence; findings as applicable,Apply OT safety gate wherever OT/ICS assets are involved.,Phase-Engineering / IIoT / Cloud
MAP-047,Phase control baseline,Applicable assets,Network / Remote / Supply Chain,"Assess network boundaries, remote access and third-party dependencies",NIST CSF 2.0 / NIST SP 800-115,Phase-specific assessment lifecycle,Checklist + evidence review,Checklist status; observations; evidence; findings as applicable,Apply OT safety gate wherever OT/ICS assets are involved.,Phase-Network / Remote / Supply Chain
MAP-048,Phase control baseline,Applicable assets,Data / Privacy / IP,"Assess sensitive data, intellectual property and privacy controls",NIST CSF 2.0 / NIST SP 800-115,Phase-specific assessment lifecycle,Checklist + evidence review,Checklist status; observations; evidence; findings as applicable,Apply OT safety gate wherever OT/ICS assets are involved.,Phase-Data / Privacy / IP
MAP-049,Phase control baseline,Applicable assets,Monitoring / Detection,"Assess visibility, logging, alerting and response readiness",NIST CSF 2.0 / NIST SP 800-115,Phase-specific assessment lifecycle,Checklist + evidence review,Checklist status; observations; evidence; findings as applicable,Apply OT safety gate wherever OT/ICS assets are involved.,Phase-Monitoring / Detection
MAP-050,Phase control baseline,Applicable assets,Validation / Business Impact,Validate realistic impact and attack paths under approved conditions,NIST CSF 2.0 / NIST SP 800-115,Phase-specific assessment lifecycle,Checklist + evidence review,Checklist status; observations; evidence; findings as applicable,Apply OT safety gate wherever OT/ICS assets are involved.,Phase-Validation / Business Impact
MAP-051,Phase control baseline,Applicable assets,Reporting / Remediation,"Produce traceable findings, risk rationale, recommendations and retest evidence",NIST CSF 2.0 / NIST SP 800-115,Phase-specific assessment lifecycle,Checklist + evidence review,Checklist status; observations; evidence; findings as applicable,Apply OT safety gate wherever OT/ICS assets are involved.,Phase-Reporting / Remediation
