path,extension,size_bytes,category
.gitignore,,179,root
00-Foundation/MFG-E001-Scope-Authorization-Rules-of-Engagement.md,md,3637,00-Foundation
00-Foundation/MFG-E002-Manufacturing-Environment-Overview.md,md,3632,00-Foundation
00-Foundation/MFG-E003-Asset-Classification-Ownership.md,md,3628,00-Foundation
00-Foundation/MFG-E004-Manufacturing-Business-Process-Model.md,md,3636,00-Foundation
00-Foundation/MFG-E005-IT-OT-Trust-Boundaries.md,md,3591,00-Foundation
00-Foundation/MFG-E006-OT-Safety-Gates.md,md,3577,00-Foundation
00-Foundation/MFG-E007-Evidence-Data-Handling.md,md,3597,00-Foundation
00-Foundation/MFG-E008-Assessment-Preconditions.md,md,3612,00-Foundation
00-Foundation/MFG-E009-Finding-Lifecycle.md,md,3598,00-Foundation
00-Foundation/MFG-E010-KB-Metadata-Retrieval-Model.md,md,3607,00-Foundation
00-Foundation/MFG-E172-CAD-CAM-Security-Assessment.md,md,3739,00-Foundation
00-Foundation/MFG-E173-PLM-PDM-Security-Assessment.md,md,3739,00-Foundation
00-Foundation/MFG-E174-Engineering-IP-Protection.md,md,3741,00-Foundation
00-Foundation/MFG-E175-Engineering-Workstation-Assessment.md,md,3753,00-Foundation
00-Foundation/MFG-E176-CNC-Robot-Environment-Assessment.md,md,3755,00-Foundation
00-Foundation/MFG-E177-Firmware-Security-Assessment.md,md,3741,00-Foundation
00-Foundation/MFG-E178-Source-Code-Repository-Assessment.md,md,3755,00-Foundation
00-Foundation/MFG-E179-IIoT-Security-Assessment.md,md,3732,00-Foundation
00-Foundation/MFG-E180-Edge-Gateway-Security-Assessment.md,md,3749,00-Foundation
00-Foundation/MFG-E181-Device-Management-Security.md,md,3745,00-Foundation
00-Foundation/MFG-E182-Cloud-Security-Methodology.md,md,3731,00-Foundation
00-Foundation/MFG-E183-Cloud-Network-Security.md,md,3734,00-Foundation
00-Foundation/MFG-E184-Cloud-IAM-Security.md,md,3715,00-Foundation
00-Foundation/MFG-E185-Cloud-VM-Security.md,md,3713,00-Foundation
00-Foundation/MFG-E186-Container-Security.md,md,3715,00-Foundation
00-Foundation/MFG-E187-Kubernetes-Security.md,md,3717,00-Foundation
00-Foundation/MFG-E188-Serverless-Security.md,md,3717,00-Foundation
00-Foundation/MFG-E189-S3-Object-Storage-Security.md,md,3731,00-Foundation
00-Foundation/MFG-E190-Cloud-Database-Security.md,md,3733,00-Foundation
00-Foundation/MFG-E191-Cloud-API-Security.md,md,3722,00-Foundation
00-Foundation/MFG-E192-Cloud-Logging.md,md,3719,00-Foundation
00-Foundation/MFG-E193-Cloud-Secrets-Key-Management.md,md,3747,00-Foundation
00-Foundation/MFG-E194-Digital-Twin-Security.md,md,3720,00-Foundation
00-Foundation/MFG-E195-Industrial-Analytics-Security.md,md,3742,00-Foundation
00-Foundation/MFG-E196-AI-ML-Platform-Security.md,md,3724,00-Foundation
00-Foundation/MFG-E197-Firewall-Security-Assessment.md,md,3727,00-Foundation
00-Foundation/MFG-E198-Network-Segmentation-Assessment.md,md,3733,00-Foundation
00-Foundation/MFG-E199-Routing-ACL-Assessment.md,md,3719,00-Foundation
00-Foundation/MFG-E200-VPN-Security-Assessment.md,md,3729,00-Foundation
00-Foundation/MFG-E201-RDP-Security-Assessment.md,md,3729,00-Foundation
00-Foundation/MFG-E202-SSH-Security-Assessment.md,md,3729,00-Foundation
00-Foundation/MFG-E203-Jump-Server-Assessment.md,md,3727,00-Foundation
00-Foundation/MFG-E204-Remote-Support-Platform-Assessment.md,md,3734,00-Foundation
00-Foundation/MFG-E205-Vendor-Remote-Access-Assessment.md,md,3738,00-Foundation
00-Foundation/MFG-E206-Third-Party-Connectivity-Assessment.md,md,3740,00-Foundation
00-Foundation/MFG-E207-Supplier-Portal-Security.md,md,3725,00-Foundation
00-Foundation/MFG-E208-Supply-Chain-Risk-Assessment.md,md,3726,00-Foundation
00-Foundation/MFG-E209-Software-Supply-Chain-Assessment.md,md,3734,00-Foundation
00-Foundation/MFG-E210-Firmware-Software-Update-Channel-Assessment.md,md,3771,00-Foundation
00-Foundation/MFG-E211-CI-CD-Pipeline-Security.md,md,3729,00-Foundation
00-Foundation/MFG-E212-Git-Repository-Security.md,md,3729,00-Foundation
00-Foundation/MFG-E213-Artifact-Repository-Security.md,md,3739,00-Foundation
00-Foundation/MFG-E214-Package-Dependency-Security.md,md,3737,00-Foundation
00-Foundation/MFG-E215-Wireless-Network-Assessment.md,md,3725,00-Foundation
00-Foundation/MFG-E216-Industrial-Wireless-Assessment.md,md,3737,00-Foundation
00-Foundation/MFG-E217-PII-Discovery-Methodology.md,md,3713,00-Foundation
00-Foundation/MFG-E218-Sensitive-Data-Exposure-Assessment.md,md,3731,00-Foundation
00-Foundation/MFG-E219-Employee-Data-Security.md,md,3707,00-Foundation
00-Foundation/MFG-E220-Customer-Data-Security.md,md,3707,00-Foundation
00-Foundation/MFG-E221-Supplier-Data-Security.md,md,3717,00-Foundation
00-Foundation/MFG-E222-Financial-Data-Security.md,md,3709,00-Foundation
00-Foundation/MFG-E223-Production-Data-Security.md,md,3711,00-Foundation
00-Foundation/MFG-E224-Quality-Data-Security.md,md,3705,00-Foundation
00-Foundation/MFG-E225-CAD-IP-Data-Security.md,md,3718,00-Foundation
00-Foundation/MFG-E226-Technical-Drawing-Security.md,md,3730,00-Foundation
00-Foundation/MFG-E227-Source-Code-Firmware-Protection.md,md,3742,00-Foundation
00-Foundation/MFG-E228-Database-Security-Assessment.md,md,3719,00-Foundation
00-Foundation/MFG-E229-File-Share-Security.md,md,3716,00-Foundation
00-Foundation/MFG-E230-NAS-SAN-Security.md,md,3710,00-Foundation
00-Foundation/MFG-E231-Backup-Data-Security.md,md,3713,00-Foundation
00-Foundation/MFG-E232-Secrets-Credential-Exposure.md,md,3721,00-Foundation
00-Foundation/MFG-E233-API-Key-Exposure.md,md,3702,00-Foundation
00-Foundation/MFG-E234-Certificate-Private-Key-Exposure.md,md,3727,00-Foundation
00-Foundation/MFG-E235-SIEM-Assessment.md,md,3672,00-Foundation
00-Foundation/MFG-E236-SOAR-Assessment.md,md,3672,00-Foundation
00-Foundation/MFG-E237-EDR-XDR-Assessment.md,md,3678,00-Foundation
00-Foundation/MFG-E238-IDS-IPS-Assessment.md,md,3678,00-Foundation
00-Foundation/MFG-E239-NDR-Assessment.md,md,3670,00-Foundation
00-Foundation/MFG-E240-Vulnerability-Management-Assessment.md,md,3721,00-Foundation
00-Foundation/MFG-E241-Patch-Management-Assessment.md,md,3705,00-Foundation
00-Foundation/MFG-E242-OT-Monitoring-Assessment.md,md,3696,00-Foundation
00-Foundation/MFG-E243-OT-IDS-Assessment.md,md,3682,00-Foundation
00-Foundation/MFG-E244-Log-Management-Assessment.md,md,3701,00-Foundation
00-Foundation/MFG-E245-Authentication-Logging-Assessment.md,md,3720,00-Foundation
00-Foundation/MFG-E246-VPN-Logging-Assessment.md,md,3686,00-Foundation
00-Foundation/MFG-E247-Application-API-Logging-Assessment.md,md,3717,00-Foundation
00-Foundation/MFG-E248-Cloud-Logging-Assessment.md,md,3699,00-Foundation
00-Foundation/MFG-E249-SCADA-HMI-Logging-Assessment.md,md,3719,00-Foundation
00-Foundation/MFG-E250-Detection-Use-Case-Review.md,md,3692,00-Foundation
00-Foundation/MFG-E251-Incident-Response-Readiness.md,md,3705,00-Foundation
00-Foundation/MFG-FINAL-COVERAGE-AUDIT.md,md,8441,00-Foundation
00-Foundation/MFG-MASTER-ASSET-TAXONOMY.md,md,6940,00-Foundation
00-Foundation/MFG-MASTER-ASSET-VAPT-KNOWLEDGE-MATRIX.csv,csv,235064,00-Foundation
00-Foundation/MFG-MASTER-ASSET-VAPT-KNOWLEDGE-MATRIX.md,md,249399,00-Foundation
00-Foundation/MFG-MASTER-VAPT-SCOPE-MATRIX.csv,csv,30939,00-Foundation
00-Foundation/MFG-MASTER-VAPT-SCOPE-MATRIX.md,md,31481,00-Foundation
00-Foundation/MFG-MATRIX-QA-REPORT.md,md,1449,00-Foundation
00-Foundation/MFG-VAPT-ARCHITECTURE.md,md,1236,00-Foundation
00-Foundation/MFG-X300-ISA-95-Level-0-Physical-Process.md,md,1513,00-Foundation
00-Foundation/MFG-X301-ISA-95-Level-1-Sensing-Actuation.md,md,1519,00-Foundation
00-Foundation/MFG-X302-ISA-95-Level-2-Supervisory-Control.md,md,1519,00-Foundation
00-Foundation/MFG-X303-ISA-95-Level-3-Manufacturing-Operations-Management.md,md,1551,00-Foundation
00-Foundation/MFG-X304-ISA-95-Level-4-Business-Planning-Logistics.md,md,1539,00-Foundation
00-Foundation/MFG-X305-Enterprise-Cloud-Integration-Layer-where-implemented.md,md,1555,00-Foundation
00-Foundation/MFG-X306-Purdue-zone-architecture.md,md,1499,00-Foundation
00-Foundation/MFG-X307-Zones-Conduits.md,md,1483,00-Foundation
00-Foundation/MFG-X308-Industrial-DMZ.md,md,1479,00-Foundation
00-Foundation/MFG-X309-Safety-Instrumented-Systems.md,md,1505,00-Foundation
00-Foundation/MFG-X310-Safety-PLC-SIS.md,md,1479,00-Foundation
00-Foundation/MFG-X311-Safety-lifecycle.md,md,1483,00-Foundation
00-Foundation/MFG-X312-Process-safety-vs-cybersecurity.md,md,1513,00-Foundation
00-Foundation/MFG-X313-Discrete-manufacturing.md,md,1495,00-Foundation
00-Foundation/MFG-X314-Continuous-process-manufacturing.md,md,1515,00-Foundation
00-Foundation/MFG-X315-Batch-manufacturing.md,md,1489,00-Foundation
00-Foundation/MFG-X316-Hybrid-manufacturing.md,md,1491,00-Foundation
00-Foundation/MFG-X317-Production-cell-workcell.md,md,1499,00-Foundation
00-Foundation/MFG-X318-Plant-site-enterprise-boundaries.md,md,1515,00-Foundation
00-Foundation/MFG-X319-Security-governance.md,md,1483,00-Foundation
00-Foundation/MFG-X320-Asset-ownership.md,md,1475,00-Foundation
00-Foundation/MFG-X321-Risk-management.md,md,1475,00-Foundation
00-Foundation/MFG-X322-Cybersecurity-policies.md,md,1489,00-Foundation
00-Foundation/MFG-X323-OT-security-policy.md,md,1481,00-Foundation
00-Foundation/MFG-X324-Third-party-risk.md,md,1477,00-Foundation
00-Foundation/MFG-X325-Vendor-risk.md,md,1467,00-Foundation
00-Foundation/MFG-X326-Security-requirements-in-procurement.md,md,1517,00-Foundation
00-Foundation/MFG-X327-Change-management.md,md,1479,00-Foundation
00-Foundation/MFG-X328-Configuration-management.md,md,1493,00-Foundation
00-Foundation/MFG-X329-Vulnerability-management.md,md,1493,00-Foundation
00-Foundation/MFG-X330-Patch-management.md,md,1477,00-Foundation
00-Foundation/MFG-X331-Exception-management.md,md,1485,00-Foundation
00-Foundation/MFG-X332-Risk-acceptance.md,md,1475,00-Foundation
00-Foundation/MFG-X333-Audit-evidence.md,md,1473,00-Foundation
00-Foundation/MFG-X334-Business-continuity.md,md,1483,00-Foundation
00-Foundation/MFG-X335-Disaster-recovery.md,md,1479,00-Foundation
00-Foundation/MFG-X336-Incident-response.md,md,1479,00-Foundation
00-Foundation/MFG-X337-Crisis-management.md,md,1479,00-Foundation
00-Foundation/MFG-X338-Security-awareness.md,md,1481,00-Foundation
00-Foundation/MFG-X339-Regulatory-obligations.md,md,1489,00-Foundation
00-Foundation/MFG-X340-Contractual-requirements.md,md,1493,00-Foundation
00-Foundation/MFG-X341-Customer-security-requirements.md,md,1505,00-Foundation
00-Foundation/MFG-X342-Cyber-insurance-requirements.md,md,1501,00-Foundation
00-Foundation/MFG-X343-Applicable-national-sectoral-requirements.md,md,1527,00-Foundation
00-Foundation/MFG-X344-Security-awareness.md,md,1489,00-Foundation
00-Foundation/MFG-X345-Phishing.md,md,1469,00-Foundation
00-Foundation/MFG-X346-Spear-phishing.md,md,1481,00-Foundation
00-Foundation/MFG-X347-Business-email-compromise-scenarios.md,md,1523,00-Foundation
00-Foundation/MFG-X348-Vishing.md,md,1467,00-Foundation
00-Foundation/MFG-X349-Smishing.md,md,1469,00-Foundation
00-Foundation/MFG-X350-Pretexting.md,md,1473,00-Foundation
00-Foundation/MFG-X351-Physical-access-assessment.md,md,1505,00-Foundation
00-Foundation/MFG-X352-Badge-access-control-review.md,md,1507,00-Foundation
00-Foundation/MFG-X353-Tailgating-assessment.md,md,1495,00-Foundation
00-Foundation/MFG-X354-Visitor-controls.md,md,1485,00-Foundation
00-Foundation/MFG-X355-Clean-desk-media-handling.md,md,1503,00-Foundation
00-Foundation/MFG-X356-Removable-media-controls.md,md,1501,00-Foundation
00-Foundation/MFG-X357-Security-of-engineering-areas.md,md,1511,00-Foundation
00-Foundation/MFG-X358-Control-room-security.md,md,1495,00-Foundation
00-Foundation/MFG-X359-Server-room-security.md,md,1493,00-Foundation
00-Foundation/MFG-X360-Social-engineering-rules-of-engagement.md,md,1529,00-Foundation
00-Foundation/MFG-X361-Backup-architecture.md,md,1475,00-Foundation
00-Foundation/MFG-X362-Backup-immutability.md,md,1475,00-Foundation
00-Foundation/MFG-X363-Offline-backups.md,md,1467,00-Foundation
00-Foundation/MFG-X364-Restore-testing.md,md,1467,00-Foundation
00-Foundation/MFG-X365-PLC-logic-backup.md,md,1469,00-Foundation
00-Foundation/MFG-X366-SCADA-backup.md,md,1461,00-Foundation
00-Foundation/MFG-X367-HMI-backup.md,md,1457,00-Foundation
00-Foundation/MFG-X368-Engineering-workstation-backup.md,md,1497,00-Foundation
00-Foundation/MFG-X369-Configuration-backup.md,md,1477,00-Foundation
00-Foundation/MFG-X370-Golden-images.md,md,1463,00-Foundation
00-Foundation/MFG-X371-Disaster-recovery.md,md,1471,00-Foundation
00-Foundation/MFG-X372-Business-continuity.md,md,1475,00-Foundation
00-Foundation/MFG-X373-RTO-RPO.md,md,1451,00-Foundation
00-Foundation/MFG-X374-Production-recovery.md,md,1475,00-Foundation
00-Foundation/MFG-X375-Failover.md,md,1453,00-Foundation
00-Foundation/MFG-X376-Redundancy.md,md,1457,00-Foundation
00-Foundation/MFG-X377-High-availability.md,md,1471,00-Foundation
00-Foundation/MFG-X378-Single-points-of-failure.md,md,1485,00-Foundation
00-Foundation/MFG-X379-Crisis-communications.md,md,1479,00-Foundation
00-Foundation/MFG-X380-Ransomware-recovery.md,md,1475,00-Foundation
00-Foundation/MFG-X381-Manufacturing-threat-model.md,md,1498,00-Foundation
00-Foundation/MFG-X382-Asset-to-process-mapping.md,md,1494,00-Foundation
00-Foundation/MFG-X383-Trust-boundary-analysis.md,md,1492,00-Foundation
00-Foundation/MFG-X384-Attack-path-analysis.md,md,1486,00-Foundation
00-Foundation/MFG-X385-Initial-access-paths.md,md,1486,00-Foundation
00-Foundation/MFG-X386-IT-to-OT-pathways.md,md,1480,00-Foundation
00-Foundation/MFG-X387-OT-to-IT-pathways.md,md,1480,00-Foundation
00-Foundation/MFG-X388-Vendor-access-paths.md,md,1484,00-Foundation
00-Foundation/MFG-X389-Cloud-to-plant-paths.md,md,1486,00-Foundation
00-Foundation/MFG-X390-Engineering-workstation-attack-paths.md,md,1518,00-Foundation
00-Foundation/MFG-X391-Identity-attack-paths.md,md,1488,00-Foundation
00-Foundation/MFG-X392-Data-exfiltration-paths.md,md,1492,00-Foundation
00-Foundation/MFG-X393-Process-manipulation-scenarios.md,md,1506,00-Foundation
00-Foundation/MFG-X394-Availability-disruption-scenarios.md,md,1512,00-Foundation
00-Foundation/MFG-X395-Safety-impact-scenarios.md,md,1492,00-Foundation
00-Foundation/MFG-X396-OT-telemetry.md,md,1472,00-Foundation
00-Foundation/MFG-X397-Network-telemetry.md,md,1482,00-Foundation
00-Foundation/MFG-X398-Asset-aware-logging.md,md,1486,00-Foundation
00-Foundation/MFG-X399-SIEM-integration.md,md,1480,00-Foundation
00-Foundation/MFG-X400-OT-IDS.md,md,1460,00-Foundation
00-Foundation/MFG-X401-Detection-use-cases.md,md,1486,00-Foundation
00-Foundation/MFG-X402-Alert-triage.md,md,1472,00-Foundation
00-Foundation/MFG-X403-SOC-OT-SOC-workflow.md,md,1486,00-Foundation
00-Foundation/MFG-X404-Incident-escalation.md,md,1486,00-Foundation
00-Foundation/MFG-X405-Containment.md,md,1470,00-Foundation
00-Foundation/MFG-X406-OT-safe-incident-response.md,md,1498,00-Foundation
00-Foundation/MFG-X407-Forensics-readiness.md,md,1486,00-Foundation
00-Foundation/MFG-X408-Evidence-preservation.md,md,1490,00-Foundation
00-Foundation/MFG-X409-Threat-hunting.md,md,1476,00-Foundation
00-Foundation/MFG-X410-Recovery-validation.md,md,1486,00-Foundation
00-Foundation/MFG-X411-SDLC.md,md,1452,00-Foundation
00-Foundation/MFG-X412-Secure-SDLC.md,md,1466,00-Foundation
00-Foundation/MFG-X413-Requirements-security.md,md,1486,00-Foundation
00-Foundation/MFG-X414-Architecture-review.md,md,1482,00-Foundation
00-Foundation/MFG-X415-Code-review.md,md,1466,00-Foundation
00-Foundation/MFG-X416-SAST.md,md,1452,00-Foundation
00-Foundation/MFG-X417-DAST.md,md,1452,00-Foundation
00-Foundation/MFG-X418-Dependency-SBOM-review.md,md,1488,00-Foundation
00-Foundation/MFG-X419-Container-image-security.md,md,1492,00-Foundation
00-Foundation/MFG-X420-CI-CD-security.md,md,1472,00-Foundation
00-Foundation/MFG-X421-Artifact-integrity.md,md,1480,00-Foundation
00-Foundation/MFG-X422-Code-signing.md,md,1468,00-Foundation
00-Foundation/MFG-X423-Firmware-signing.md,md,1476,00-Foundation
00-Foundation/MFG-X424-Update-mechanisms.md,md,1478,00-Foundation
00-Foundation/MFG-X425-Secrets-management.md,md,1480,00-Foundation
00-Foundation/MFG-X426-Data-classification.md,md,1482,00-Foundation
00-Foundation/MFG-X427-Data-retention.md,md,1472,00-Foundation
00-Foundation/MFG-X428-Data-minimization.md,md,1478,00-Foundation
00-Foundation/MFG-X429-DLP.md,md,1450,00-Foundation
00-Foundation/MFG-X430-Encryption-at-rest.md,md,1480,00-Foundation
00-Foundation/MFG-X431-Encryption-in-transit.md,md,1486,00-Foundation
00-Foundation/MFG-X432-Key-management.md,md,1472,00-Foundation
00-Foundation/MFG-X433-Cloud-landing-zones.md,md,1471,00-Foundation
00-Foundation/MFG-X434-Cloud-governance.md,md,1465,00-Foundation
00-Foundation/MFG-X435-Cloud-IAM.md,md,1451,00-Foundation
00-Foundation/MFG-X436-Cloud-network-segmentation.md,md,1485,00-Foundation
00-Foundation/MFG-X437-Cloud-logging.md,md,1459,00-Foundation
00-Foundation/MFG-X438-Cloud-posture.md,md,1459,00-Foundation
00-Foundation/MFG-X439-Object-storage.md,md,1461,00-Foundation
00-Foundation/MFG-X440-Cloud-databases.md,md,1463,00-Foundation
00-Foundation/MFG-X441-Containers.md,md,1453,00-Foundation
00-Foundation/MFG-X442-Kubernetes.md,md,1453,00-Foundation
00-Foundation/MFG-X443-Serverless.md,md,1453,00-Foundation
00-Foundation/MFG-X444-Edge-computing.md,md,1461,00-Foundation
00-Foundation/MFG-X445-Edge-to-cloud-trust.md,md,1471,00-Foundation
00-Foundation/MFG-X446-IoT-device-identity.md,md,1471,00-Foundation
00-Foundation/MFG-X447-Device-provisioning.md,md,1471,00-Foundation
00-Foundation/MFG-X448-Device-decommissioning.md,md,1477,00-Foundation
00-Foundation/MFG-X449-Digital-twins.md,md,1459,00-Foundation
00-Foundation/MFG-X450-AI-ML-pipelines.md,md,1463,00-Foundation
00-Foundation/MFG-X451-Model-security.md,md,1461,00-Foundation
00-Foundation/MFG-X452-AI-API-security.md,md,1463,00-Foundation
00-Foundation/MFG-X453-AI-data-exposure.md,md,1465,00-Foundation
00-Foundation/MFG-X454-AI-supply-chain.md,md,1463,00-Foundation
00-Foundation/MFG-X455-Robotics.md,md,1468,00-Foundation
00-Foundation/MFG-X456-CNC.md,md,1458,00-Foundation
00-Foundation/MFG-X457-Machine-vision.md,md,1480,00-Foundation
00-Foundation/MFG-X458-AGV.md,md,1458,00-Foundation
00-Foundation/MFG-X459-AMR.md,md,1458,00-Foundation
00-Foundation/MFG-X460-Barcode-systems.md,md,1482,00-Foundation
00-Foundation/MFG-X461-RFID.md,md,1460,00-Foundation
00-Foundation/MFG-X462-Industrial-printers.md,md,1490,00-Foundation
00-Foundation/MFG-X463-Laboratory-systems.md,md,1488,00-Foundation
00-Foundation/MFG-X464-Calibration-systems.md,md,1490,00-Foundation
00-Foundation/MFG-X465-Test-systems.md,md,1476,00-Foundation
00-Foundation/MFG-X466-Electronic-work-instructions.md,md,1508,00-Foundation
00-Foundation/MFG-X467-Track-and-trace.md,md,1482,00-Foundation
00-Foundation/MFG-X468-Serialization.md,md,1478,00-Foundation
00-Foundation/MFG-X469-Batch-records.md,md,1478,00-Foundation
00-Foundation/MFG-X470-Warehouse-automation.md,md,1492,00-Foundation
00-Foundation/MFG-X471-Automated-storage-retrieval.md,md,1506,00-Foundation
00-Foundation/MFG-X472-Energy-management.md,md,1486,00-Foundation
00-Foundation/MFG-X473-Building-management.md,md,1490,00-Foundation
00-Foundation/MFG-X474-Environmental-monitoring.md,md,1500,00-Foundation
00-Foundation/MFG-X475-Rules-of-engagement.md,md,1475,00-Foundation
00-Foundation/MFG-X476-Asset-authorization.md,md,1475,00-Foundation
00-Foundation/MFG-X477-Test-accounts.md,md,1463,00-Foundation
00-Foundation/MFG-X478-Maintenance-windows.md,md,1475,00-Foundation
00-Foundation/MFG-X479-Safety-approvals.md,md,1469,00-Foundation
00-Foundation/MFG-X480-Emergency-stop-stop-conditions.md,md,1497,00-Foundation
00-Foundation/MFG-X481-Communications-plan.md,md,1475,00-Foundation
00-Foundation/MFG-X482-Escalation-matrix.md,md,1471,00-Foundation
00-Foundation/MFG-X483-Evidence-handling.md,md,1471,00-Foundation
00-Foundation/MFG-X484-Data-retention.md,md,1465,00-Foundation
00-Foundation/MFG-X485-Tester-access-control.md,md,1479,00-Foundation
00-Foundation/MFG-X486-Third-party-authorization.md,md,1487,00-Foundation
00-Foundation/MFG-X487-Production-vs-lab-testing.md,md,1487,00-Foundation
00-Foundation/MFG-X488-Finding-validation.md,md,1473,00-Foundation
00-Foundation/MFG-X489-Quality-assurance.md,md,1471,00-Foundation
00-Foundation/MFG-X490-Peer-review.md,md,1459,00-Foundation
00-Foundation/MFG-X491-Coverage-tracking.md,md,1471,00-Foundation
00-Foundation/MFG-X492-Retest-tracking.md,md,1467,00-Foundation
01-Reconnaissance/01-MASTER-Reconnaissance.md,md,1434,01-Reconnaissance
01-Reconnaissance/MFG-E011-OSINT-Methodology.md,md,3614,01-Reconnaissance
01-Reconnaissance/MFG-E012-Domain-Reconnaissance.md,md,3622,01-Reconnaissance
01-Reconnaissance/MFG-E013-DNS-Reconnaissance.md,md,3616,01-Reconnaissance
01-Reconnaissance/MFG-E014-Subdomain-Enumeration.md,md,3622,01-Reconnaissance
01-Reconnaissance/MFG-E015-External-Attack-Surface-Mapping.md,md,3642,01-Reconnaissance
01-Reconnaissance/MFG-E016-Technology-Fingerprinting.md,md,3614,01-Reconnaissance
01-Reconnaissance/MFG-E017-Certificate-TLS-Reconnaissance.md,md,3629,01-Reconnaissance
01-Reconnaissance/MFG-E018-Email-Mail-Infrastructure-Reconnaissance.md,md,3664,01-Reconnaissance
01-Reconnaissance/MFG-E019-VPN-Discovery.md,md,3606,01-Reconnaissance
01-Reconnaissance/MFG-E020-Remote-Access-Discovery.md,md,3619,01-Reconnaissance
01-Reconnaissance/MFG-E021-Web-Application-Discovery.md,md,3614,01-Reconnaissance
01-Reconnaissance/MFG-E022-API-Discovery.md,md,3590,01-Reconnaissance
01-Reconnaissance/MFG-E023-Cloud-Asset-Discovery.md,md,3608,01-Reconnaissance
01-Reconnaissance/MFG-E024-Public-Object-Storage-Discovery.md,md,3628,01-Reconnaissance
01-Reconnaissance/MFG-E025-Admin-Panel-Discovery.md,md,3622,01-Reconnaissance
01-Reconnaissance/MFG-E026-cPanel-Hosting-Discovery.md,md,3616,01-Reconnaissance
01-Reconnaissance/MFG-E027-ERP-Discovery.md,md,3590,01-Reconnaissance
01-Reconnaissance/MFG-E028-MES-MOM-Discovery.md,md,3598,01-Reconnaissance
01-Reconnaissance/MFG-E029-QMS-Discovery.md,md,3606,01-Reconnaissance
01-Reconnaissance/MFG-E030-WMS-Discovery.md,md,3606,01-Reconnaissance
01-Reconnaissance/MFG-E031-CMMS-Discovery.md,md,3608,01-Reconnaissance
01-Reconnaissance/MFG-E032-SCM-Supplier-Portal-Discovery.md,md,3636,01-Reconnaissance
01-Reconnaissance/MFG-E033-CRM-Customer-Portal-Discovery.md,md,3626,01-Reconnaissance
01-Reconnaissance/MFG-E034-HRMS-Discovery.md,md,3608,01-Reconnaissance
01-Reconnaissance/MFG-E035-CAD-CAM-PLM-Discovery.md,md,3614,01-Reconnaissance
01-Reconnaissance/MFG-E036-Engineering-Workstation-Discovery.md,md,3638,01-Reconnaissance
01-Reconnaissance/MFG-E037-OT-Asset-Reconnaissance.md,md,3609,01-Reconnaissance
01-Reconnaissance/MFG-E038-SCADA-DCS-Discovery.md,md,3616,01-Reconnaissance
01-Reconnaissance/MFG-E039-PLC-HMI-Discovery.md,md,3597,01-Reconnaissance
01-Reconnaissance/MFG-E040-Historian-Discovery.md,md,3601,01-Reconnaissance
01-Reconnaissance/MFG-E041-IIoT-Edge-Discovery.md,md,3609,01-Reconnaissance
01-Reconnaissance/MFG-E042-Industrial-Network-Reconnaissance.md,md,3640,01-Reconnaissance
01-Reconnaissance/MFG-E043-Third-Party-Supply-Chain-Reconnaissance.md,md,3649,01-Reconnaissance
01-Reconnaissance/MFG-E044-Technology-Dependency-Inventory.md,md,3646,01-Reconnaissance
02-Scanning-Enumeration/02-MASTER-Scanning-Enumeration.md,md,1437,02-Scanning-Enumeration
02-Scanning-Enumeration/MFG-E045-Network-Scanning-Methodology.md,md,3672,02-Scanning-Enumeration
02-Scanning-Enumeration/MFG-E046-Port-Service-Enumeration.md,md,3680,02-Scanning-Enumeration
02-Scanning-Enumeration/MFG-E047-Web-Service-Enumeration.md,md,3658,02-Scanning-Enumeration
02-Scanning-Enumeration/MFG-E048-API-Enumeration.md,md,3642,02-Scanning-Enumeration
02-Scanning-Enumeration/MFG-E049-TLS-Certificate-Enumeration.md,md,3667,02-Scanning-Enumeration
02-Scanning-Enumeration/MFG-E050-VPN-Service-Enumeration.md,md,3674,02-Scanning-Enumeration
02-Scanning-Enumeration/MFG-E051-Remote-Service-Enumeration.md,md,3663,02-Scanning-Enumeration
02-Scanning-Enumeration/MFG-E052-DNS-Service-Enumeration.md,md,3674,02-Scanning-Enumeration
02-Scanning-Enumeration/MFG-E053-Cloud-Service-Enumeration.md,md,3664,02-Scanning-Enumeration
02-Scanning-Enumeration/MFG-E054-Cloud-Identity-Enumeration.md,md,3678,02-Scanning-Enumeration
02-Scanning-Enumeration/MFG-E055-Object-Storage-Enumeration.md,md,3666,02-Scanning-Enumeration
02-Scanning-Enumeration/MFG-E056-Database-Enumeration.md,md,3653,02-Scanning-Enumeration
02-Scanning-Enumeration/MFG-E057-Active-Directory-Enumeration.md,md,3684,02-Scanning-Enumeration
02-Scanning-Enumeration/MFG-E058-Internal-Network-Enumeration.md,md,3672,02-Scanning-Enumeration
02-Scanning-Enumeration/MFG-E059-Network-Device-Enumeration.md,md,3668,02-Scanning-Enumeration
02-Scanning-Enumeration/MFG-E060-Firewall-Security-Device-Enumeration.md,md,3692,02-Scanning-Enumeration
02-Scanning-Enumeration/MFG-E061-Industrial-Network-Discovery.md,md,3678,02-Scanning-Enumeration
02-Scanning-Enumeration/MFG-E062-OT-Passive-Discovery.md,md,3651,02-Scanning-Enumeration
02-Scanning-Enumeration/MFG-E063-SCADA-DCS-Enumeration.md,md,3668,02-Scanning-Enumeration
02-Scanning-Enumeration/MFG-E064-PLC-HMI-Enumeration.md,md,3649,02-Scanning-Enumeration
02-Scanning-Enumeration/MFG-E065-Historian-Enumeration.md,md,3653,02-Scanning-Enumeration
02-Scanning-Enumeration/MFG-E066-Industrial-Protocol-Identification.md,md,3679,02-Scanning-Enumeration
02-Scanning-Enumeration/MFG-E067-IIoT-Device-Enumeration.md,md,3665,02-Scanning-Enumeration
02-Scanning-Enumeration/MFG-E068-Wireless-Enumeration.md,md,3656,02-Scanning-Enumeration
02-Scanning-Enumeration/MFG-E069-Mobile-Handheld-Enumeration.md,md,3682,02-Scanning-Enumeration
02-Scanning-Enumeration/MFG-E070-Backup-Infrastructure-Enumeration.md,md,3681,02-Scanning-Enumeration
03-Vulnerability-Assessment/03-MASTER-Vulnerability-Assessment.md,md,1453,03-Vulnerability-Assessment
03-Vulnerability-Assessment/MFG-E071-Vulnerability-Assessment-Methodology.md,md,3653,03-Vulnerability-Assessment
03-Vulnerability-Assessment/MFG-E072-External-Infrastructure-Vulnerability-Assessment.md,md,3677,03-Vulnerability-Assessment
03-Vulnerability-Assessment/MFG-E073-Web-Infrastructure-Vulnerability-Assessment.md,md,3651,03-Vulnerability-Assessment
03-Vulnerability-Assessment/MFG-E074-API-Vulnerability-Assessment.md,md,3621,03-Vulnerability-Assessment
03-Vulnerability-Assessment/MFG-E075-VPN-Vulnerability-Assessment.md,md,3637,03-Vulnerability-Assessment
03-Vulnerability-Assessment/MFG-E076-Server-Vulnerability-Assessment.md,md,3643,03-Vulnerability-Assessment
03-Vulnerability-Assessment/MFG-E077-Database-Vulnerability-Assessment.md,md,3632,03-Vulnerability-Assessment
03-Vulnerability-Assessment/MFG-E078-Network-Device-Vulnerability-Assessment.md,md,3647,03-Vulnerability-Assessment
03-Vulnerability-Assessment/MFG-E079-Cloud-Vulnerability-Assessment.md,md,3627,03-Vulnerability-Assessment
03-Vulnerability-Assessment/MFG-E080-Object-Storage-Security-Assessment.md,md,3635,03-Vulnerability-Assessment
03-Vulnerability-Assessment/MFG-E081-Identity-Infrastructure-Vulnerability-Assessment.md,md,3666,03-Vulnerability-Assessment
03-Vulnerability-Assessment/MFG-E082-Active-Directory-Security-Assessment.md,md,3653,03-Vulnerability-Assessment
03-Vulnerability-Assessment/MFG-E083-Configuration-Hardening-Assessment.md,md,3653,03-Vulnerability-Assessment
03-Vulnerability-Assessment/MFG-E084-Patch-Version-Assessment.md,md,3633,03-Vulnerability-Assessment
03-Vulnerability-Assessment/MFG-E085-TLS-Cryptographic-Configuration-Assessment.md,md,3665,03-Vulnerability-Assessment
03-Vulnerability-Assessment/MFG-E086-Backup-Security-Assessment.md,md,3620,03-Vulnerability-Assessment
03-Vulnerability-Assessment/MFG-E087-Container-Kubernetes-Assessment.md,md,3633,03-Vulnerability-Assessment
03-Vulnerability-Assessment/MFG-E088-CI-CD-Security-Assessment.md,md,3631,03-Vulnerability-Assessment
03-Vulnerability-Assessment/MFG-E089-Software-Dependency-Assessment.md,md,3641,03-Vulnerability-Assessment
03-Vulnerability-Assessment/MFG-E090-Industrial-Network-Vulnerability-Assessment.md,md,3661,03-Vulnerability-Assessment
03-Vulnerability-Assessment/MFG-E091-OT-Configuration-Assessment.md,md,3618,03-Vulnerability-Assessment
03-Vulnerability-Assessment/MFG-E092-SCADA-DCS-Vulnerability-Assessment.md,md,3647,03-Vulnerability-Assessment
03-Vulnerability-Assessment/MFG-E093-PLC-HMI-Vulnerability-Assessment.md,md,3628,03-Vulnerability-Assessment
03-Vulnerability-Assessment/MFG-E094-Historian-Security-Assessment.md,md,3622,03-Vulnerability-Assessment
03-Vulnerability-Assessment/MFG-E095-IIoT-Edge-Vulnerability-Assessment.md,md,3640,03-Vulnerability-Assessment
03-Vulnerability-Assessment/MFG-E096-Wireless-Security-Assessment.md,md,3625,03-Vulnerability-Assessment
04-Identity-Access/04-MASTER-Identity-Authentication-Authorization.md,md,1481,04-Identity-Access
04-Identity-Access/MFG-E097-Authentication-Assessment.md,md,3765,04-Identity-Access
04-Identity-Access/MFG-E098-Authorization-Assessment.md,md,3763,04-Identity-Access
04-Identity-Access/MFG-E099-RBAC-Assessment.md,md,3745,04-Identity-Access
04-Identity-Access/MFG-E100-MFA-Assessment.md,md,3743,04-Identity-Access
04-Identity-Access/MFG-E101-Session-Management-Assessment.md,md,3784,04-Identity-Access
04-Identity-Access/MFG-E102-Password-Policy-Assessment.md,md,3778,04-Identity-Access
04-Identity-Access/MFG-E103-Privileged-Access-Assessment.md,md,3771,04-Identity-Access
04-Identity-Access/MFG-E104-Active-Directory-Security-Assessment.md,md,3798,04-Identity-Access
04-Identity-Access/MFG-E105-LDAP-Kerberos-Assessment.md,md,3763,04-Identity-Access
04-Identity-Access/MFG-E106-Service-Account-Assessment.md,md,3767,04-Identity-Access
04-Identity-Access/MFG-E107-Machine-Account-Assessment.md,md,3767,04-Identity-Access
04-Identity-Access/MFG-E108-Cloud-IAM-Assessment.md,md,3752,04-Identity-Access
04-Identity-Access/MFG-E109-API-Authentication-Assessment.md,md,3780,04-Identity-Access
04-Identity-Access/MFG-E110-ERP-Identity-Access-Assessment.md,md,3786,04-Identity-Access
04-Identity-Access/MFG-E111-MES-QMS-Identity-Access-Assessment.md,md,3794,04-Identity-Access
04-Identity-Access/MFG-E112-Remote-Access-Authentication.md,md,3787,04-Identity-Access
04-Identity-Access/MFG-E113-Vendor-Access-Assessment.md,md,3761,04-Identity-Access
04-Identity-Access/MFG-E114-Dormant-Excessive-Access-Review.md,md,3792,04-Identity-Access
04-Identity-Access/MFG-E115-Break-Glass-Account-Review.md,md,3767,04-Identity-Access
04-Identity-Access/MFG-E116-Certificate-Based-Identity.md,md,3775,04-Identity-Access
05-Web-API-Application/05-MASTER-Web-API-Application-Infrastructure.md,md,1469,05-Web-API-Application
05-Web-API-Application/MFG-E117-Web-VAPT-Methodology.md,md,3727,05-Web-API-Application
05-Web-API-Application/MFG-E118-API-VAPT-Methodology.md,md,3727,05-Web-API-Application
05-Web-API-Application/MFG-E119-Input-Validation-Injection-Assessment.md,md,3781,05-Web-API-Application
05-Web-API-Application/MFG-E120-Access-Control-Assessment.md,md,3753,05-Web-API-Application
05-Web-API-Application/MFG-E121-Business-Logic-Assessment.md,md,3753,05-Web-API-Application
05-Web-API-Application/MFG-E122-Session-Token-Security.md,md,3751,05-Web-API-Application
05-Web-API-Application/MFG-E123-File-Upload-Assessment.md,md,3731,05-Web-API-Application
05-Web-API-Application/MFG-E124-Sensitive-Data-Exposure-Assessment.md,md,3756,05-Web-API-Application
05-Web-API-Application/MFG-E125-Error-Handling-Information-Disclosure.md,md,3781,05-Web-API-Application
05-Web-API-Application/MFG-E126-Security-Headers-Configuration.md,md,3767,05-Web-API-Application
05-Web-API-Application/MFG-E127-ERP-Security-Assessment.md,md,3733,05-Web-API-Application
05-Web-API-Application/MFG-E128-SAP-Security-Assessment.md,md,3733,05-Web-API-Application
05-Web-API-Application/MFG-E129-MES-Security-Assessment.md,md,3733,05-Web-API-Application
05-Web-API-Application/MFG-E130-QMS-Security-Assessment.md,md,3749,05-Web-API-Application
05-Web-API-Application/MFG-E131-WMS-Security-Assessment.md,md,3749,05-Web-API-Application
05-Web-API-Application/MFG-E132-CMMS-Security-Assessment.md,md,3751,05-Web-API-Application
05-Web-API-Application/MFG-E133-CRM-Security-Assessment.md,md,3749,05-Web-API-Application
05-Web-API-Application/MFG-E134-HRMS-Security-Assessment.md,md,3751,05-Web-API-Application
05-Web-API-Application/MFG-E135-Supplier-Portal-Assessment.md,md,3749,05-Web-API-Application
05-Web-API-Application/MFG-E136-Customer-Portal-Assessment.md,md,3739,05-Web-API-Application
05-Web-API-Application/MFG-E137-Mobile-Application-Assessment.md,md,3761,05-Web-API-Application
05-Web-API-Application/MFG-E138-Database-Application-Security.md,md,3746,05-Web-API-Application
05-Web-API-Application/MFG-E139-Integration-Middleware-Security.md,md,3753,05-Web-API-Application
05-Web-API-Application/MFG-E140-Message-Broker-Security.md,md,3740,05-Web-API-Application
05-Web-API-Application/MFG-E141-API-Gateway-Security.md,md,3727,05-Web-API-Application
05-Web-API-Application/MFG-E142-Webhook-Security.md,md,3726,05-Web-API-Application
05-Web-API-Application/MFG-E143-Document-Management-Security.md,md,3759,05-Web-API-Application
06-Internal-OT-ICS/06-MASTER-Internal-OT-ICS.md,md,1461,06-Internal-OT-ICS
06-Internal-OT-ICS/MFG-E144-IT-OT-Architecture-Assessment.md,md,3742,06-Internal-OT-ICS
06-Internal-OT-ICS/MFG-E145-OT-Asset-Inventory.md,md,3720,06-Internal-OT-ICS
06-Internal-OT-ICS/MFG-E146-OT-Network-Segmentation-Assessment.md,md,3763,06-Internal-OT-ICS
06-Internal-OT-ICS/MFG-E147-Industrial-DMZ-Assessment.md,md,3734,06-Internal-OT-ICS
06-Internal-OT-ICS/MFG-E148-SCADA-Security-Assessment.md,md,3749,06-Internal-OT-ICS
06-Internal-OT-ICS/MFG-E149-DCS-Security-Assessment.md,md,3730,06-Internal-OT-ICS
06-Internal-OT-ICS/MFG-E150-PLC-Security-Assessment.md,md,3730,06-Internal-OT-ICS
06-Internal-OT-ICS/MFG-E151-HMI-Security-Assessment.md,md,3730,06-Internal-OT-ICS
06-Internal-OT-ICS/MFG-E152-RTU-Security-Assessment.md,md,3730,06-Internal-OT-ICS
06-Internal-OT-ICS/MFG-E153-Historian-Security-Assessment.md,md,3742,06-Internal-OT-ICS
06-Internal-OT-ICS/MFG-E154-Engineering-Workstation-Security.md,md,3757,06-Internal-OT-ICS
06-Internal-OT-ICS/MFG-E155-Industrial-Gateway-Security.md,md,3745,06-Internal-OT-ICS
06-Internal-OT-ICS/MFG-E156-Industrial-Firewall-Assessment.md,md,3755,06-Internal-OT-ICS
06-Internal-OT-ICS/MFG-E157-Industrial-Switch-Assessment.md,md,3751,06-Internal-OT-ICS
06-Internal-OT-ICS/MFG-E158-Industrial-Protocol-Security-Assessment.md,md,3762,06-Internal-OT-ICS
06-Internal-OT-ICS/MFG-E159-OPC-UA-Security-Assessment.md,md,3736,06-Internal-OT-ICS
06-Internal-OT-ICS/MFG-E160-Modbus-Security-Assessment.md,md,3736,06-Internal-OT-ICS
06-Internal-OT-ICS/MFG-E161-PROFINET-Security-Assessment.md,md,3740,06-Internal-OT-ICS
06-Internal-OT-ICS/MFG-E162-EtherNet-IP-Security-Assessment.md,md,3763,06-Internal-OT-ICS
06-Internal-OT-ICS/MFG-E163-MQTT-IIoT-Protocol-Security.md,md,3746,06-Internal-OT-ICS
06-Internal-OT-ICS/MFG-E164-OT-Remote-Access-Assessment.md,md,3748,06-Internal-OT-ICS
06-Internal-OT-ICS/MFG-E165-OT-Account-Privilege-Assessment.md,md,3762,06-Internal-OT-ICS
06-Internal-OT-ICS/MFG-E166-OT-Logging-Monitoring-Assessment.md,md,3766,06-Internal-OT-ICS
06-Internal-OT-ICS/MFG-E167-Safety-System-Security-Assessment.md,md,3750,06-Internal-OT-ICS
06-Internal-OT-ICS/MFG-E168-OT-Backup-Assessment.md,md,3734,06-Internal-OT-ICS
06-Internal-OT-ICS/MFG-E169-OT-Patch-Management-Assessment.md,md,3744,06-Internal-OT-ICS
06-Internal-OT-ICS/MFG-E170-OT-Malware-Removable-Media-Controls.md,md,3754,06-Internal-OT-ICS
06-Internal-OT-ICS/MFG-E171-OT-Incident-Response-Readiness.md,md,3744,06-Internal-OT-ICS
07-Engineering-IIoT-Cloud/MFG-E172-CAD-CAM-Security-Assessment.md,md,3738,07-Engineering-IIoT-Cloud
07-Engineering-IIoT-Cloud/MFG-E173-PLM-PDM-Security-Assessment.md,md,3738,07-Engineering-IIoT-Cloud
07-Engineering-IIoT-Cloud/MFG-E174-Engineering-IP-Protection.md,md,3740,07-Engineering-IIoT-Cloud
07-Engineering-IIoT-Cloud/MFG-E175-Engineering-Workstation-Assessment.md,md,3752,07-Engineering-IIoT-Cloud
07-Engineering-IIoT-Cloud/MFG-E176-CNC-Robot-Environment-Assessment.md,md,3754,07-Engineering-IIoT-Cloud
07-Engineering-IIoT-Cloud/MFG-E177-Firmware-Security-Assessment.md,md,3740,07-Engineering-IIoT-Cloud
07-Engineering-IIoT-Cloud/MFG-E178-Source-Code-Repository-Assessment.md,md,3754,07-Engineering-IIoT-Cloud
07-Engineering-IIoT-Cloud/MFG-E179-IIoT-Security-Assessment.md,md,3731,07-Engineering-IIoT-Cloud
07-Engineering-IIoT-Cloud/MFG-E180-Edge-Gateway-Security-Assessment.md,md,3748,07-Engineering-IIoT-Cloud
07-Engineering-IIoT-Cloud/MFG-E181-Device-Management-Security.md,md,3744,07-Engineering-IIoT-Cloud
07-Engineering-IIoT-Cloud/MFG-E182-Cloud-Security-Methodology.md,md,3730,07-Engineering-IIoT-Cloud
07-Engineering-IIoT-Cloud/MFG-E183-Cloud-Network-Security.md,md,3733,07-Engineering-IIoT-Cloud
07-Engineering-IIoT-Cloud/MFG-E184-Cloud-IAM-Security.md,md,3714,07-Engineering-IIoT-Cloud
07-Engineering-IIoT-Cloud/MFG-E185-Cloud-VM-Security.md,md,3712,07-Engineering-IIoT-Cloud
07-Engineering-IIoT-Cloud/MFG-E186-Container-Security.md,md,3714,07-Engineering-IIoT-Cloud
07-Engineering-IIoT-Cloud/MFG-E187-Kubernetes-Security.md,md,3716,07-Engineering-IIoT-Cloud
07-Engineering-IIoT-Cloud/MFG-E188-Serverless-Security.md,md,3716,07-Engineering-IIoT-Cloud
07-Engineering-IIoT-Cloud/MFG-E189-S3-Object-Storage-Security.md,md,3730,07-Engineering-IIoT-Cloud
07-Engineering-IIoT-Cloud/MFG-E190-Cloud-Database-Security.md,md,3732,07-Engineering-IIoT-Cloud
07-Engineering-IIoT-Cloud/MFG-E191-Cloud-API-Security.md,md,3721,07-Engineering-IIoT-Cloud
07-Engineering-IIoT-Cloud/MFG-E192-Cloud-Logging.md,md,3718,07-Engineering-IIoT-Cloud
07-Engineering-IIoT-Cloud/MFG-E193-Cloud-Secrets-Key-Management.md,md,3746,07-Engineering-IIoT-Cloud
07-Engineering-IIoT-Cloud/MFG-E194-Digital-Twin-Security.md,md,3719,07-Engineering-IIoT-Cloud
07-Engineering-IIoT-Cloud/MFG-E195-Industrial-Analytics-Security.md,md,3741,07-Engineering-IIoT-Cloud
07-Engineering-IIoT-Cloud/MFG-E196-AI-ML-Platform-Security.md,md,3723,07-Engineering-IIoT-Cloud
08-Network-Remote-Supply-Chain/MFG-E197-Firewall-Security-Assessment.md,md,3726,08-Network-Remote-Supply-Chain
08-Network-Remote-Supply-Chain/MFG-E198-Network-Segmentation-Assessment.md,md,3732,08-Network-Remote-Supply-Chain
08-Network-Remote-Supply-Chain/MFG-E199-Routing-ACL-Assessment.md,md,3718,08-Network-Remote-Supply-Chain
08-Network-Remote-Supply-Chain/MFG-E200-VPN-Security-Assessment.md,md,3728,08-Network-Remote-Supply-Chain
08-Network-Remote-Supply-Chain/MFG-E201-RDP-Security-Assessment.md,md,3728,08-Network-Remote-Supply-Chain
08-Network-Remote-Supply-Chain/MFG-E202-SSH-Security-Assessment.md,md,3728,08-Network-Remote-Supply-Chain
08-Network-Remote-Supply-Chain/MFG-E203-Jump-Server-Assessment.md,md,3726,08-Network-Remote-Supply-Chain
08-Network-Remote-Supply-Chain/MFG-E204-Remote-Support-Platform-Assessment.md,md,3733,08-Network-Remote-Supply-Chain
08-Network-Remote-Supply-Chain/MFG-E205-Vendor-Remote-Access-Assessment.md,md,3737,08-Network-Remote-Supply-Chain
08-Network-Remote-Supply-Chain/MFG-E206-Third-Party-Connectivity-Assessment.md,md,3739,08-Network-Remote-Supply-Chain
08-Network-Remote-Supply-Chain/MFG-E207-Supplier-Portal-Security.md,md,3724,08-Network-Remote-Supply-Chain
08-Network-Remote-Supply-Chain/MFG-E208-Supply-Chain-Risk-Assessment.md,md,3725,08-Network-Remote-Supply-Chain
08-Network-Remote-Supply-Chain/MFG-E209-Software-Supply-Chain-Assessment.md,md,3733,08-Network-Remote-Supply-Chain
08-Network-Remote-Supply-Chain/MFG-E210-Firmware-Software-Update-Channel-Assessment.md,md,3770,08-Network-Remote-Supply-Chain
08-Network-Remote-Supply-Chain/MFG-E211-CI-CD-Pipeline-Security.md,md,3728,08-Network-Remote-Supply-Chain
08-Network-Remote-Supply-Chain/MFG-E212-Git-Repository-Security.md,md,3728,08-Network-Remote-Supply-Chain
08-Network-Remote-Supply-Chain/MFG-E213-Artifact-Repository-Security.md,md,3738,08-Network-Remote-Supply-Chain
08-Network-Remote-Supply-Chain/MFG-E214-Package-Dependency-Security.md,md,3736,08-Network-Remote-Supply-Chain
08-Network-Remote-Supply-Chain/MFG-E215-Wireless-Network-Assessment.md,md,3724,08-Network-Remote-Supply-Chain
08-Network-Remote-Supply-Chain/MFG-E216-Industrial-Wireless-Assessment.md,md,3736,08-Network-Remote-Supply-Chain
09-Data-Privacy-IP/MFG-E217-PII-Discovery-Methodology.md,md,3712,09-Data-Privacy-IP
09-Data-Privacy-IP/MFG-E218-Sensitive-Data-Exposure-Assessment.md,md,3730,09-Data-Privacy-IP
09-Data-Privacy-IP/MFG-E219-Employee-Data-Security.md,md,3706,09-Data-Privacy-IP
09-Data-Privacy-IP/MFG-E220-Customer-Data-Security.md,md,3706,09-Data-Privacy-IP
09-Data-Privacy-IP/MFG-E221-Supplier-Data-Security.md,md,3716,09-Data-Privacy-IP
09-Data-Privacy-IP/MFG-E222-Financial-Data-Security.md,md,3708,09-Data-Privacy-IP
09-Data-Privacy-IP/MFG-E223-Production-Data-Security.md,md,3710,09-Data-Privacy-IP
09-Data-Privacy-IP/MFG-E224-Quality-Data-Security.md,md,3704,09-Data-Privacy-IP
09-Data-Privacy-IP/MFG-E225-CAD-IP-Data-Security.md,md,3717,09-Data-Privacy-IP
09-Data-Privacy-IP/MFG-E226-Technical-Drawing-Security.md,md,3729,09-Data-Privacy-IP
09-Data-Privacy-IP/MFG-E227-Source-Code-Firmware-Protection.md,md,3741,09-Data-Privacy-IP
09-Data-Privacy-IP/MFG-E228-Database-Security-Assessment.md,md,3718,09-Data-Privacy-IP
09-Data-Privacy-IP/MFG-E229-File-Share-Security.md,md,3715,09-Data-Privacy-IP
09-Data-Privacy-IP/MFG-E230-NAS-SAN-Security.md,md,3709,09-Data-Privacy-IP
09-Data-Privacy-IP/MFG-E231-Backup-Data-Security.md,md,3712,09-Data-Privacy-IP
09-Data-Privacy-IP/MFG-E232-Secrets-Credential-Exposure.md,md,3720,09-Data-Privacy-IP
09-Data-Privacy-IP/MFG-E233-API-Key-Exposure.md,md,3701,09-Data-Privacy-IP
09-Data-Privacy-IP/MFG-E234-Certificate-Private-Key-Exposure.md,md,3726,09-Data-Privacy-IP
10-Monitoring-Detection/MFG-E235-SIEM-Assessment.md,md,3671,10-Monitoring-Detection
10-Monitoring-Detection/MFG-E236-SOAR-Assessment.md,md,3671,10-Monitoring-Detection
10-Monitoring-Detection/MFG-E237-EDR-XDR-Assessment.md,md,3677,10-Monitoring-Detection
10-Monitoring-Detection/MFG-E238-IDS-IPS-Assessment.md,md,3677,10-Monitoring-Detection
10-Monitoring-Detection/MFG-E239-NDR-Assessment.md,md,3669,10-Monitoring-Detection
10-Monitoring-Detection/MFG-E240-Vulnerability-Management-Assessment.md,md,3720,10-Monitoring-Detection
10-Monitoring-Detection/MFG-E241-Patch-Management-Assessment.md,md,3704,10-Monitoring-Detection
10-Monitoring-Detection/MFG-E242-OT-Monitoring-Assessment.md,md,3695,10-Monitoring-Detection
10-Monitoring-Detection/MFG-E243-OT-IDS-Assessment.md,md,3681,10-Monitoring-Detection
10-Monitoring-Detection/MFG-E244-Log-Management-Assessment.md,md,3700,10-Monitoring-Detection
10-Monitoring-Detection/MFG-E245-Authentication-Logging-Assessment.md,md,3719,10-Monitoring-Detection
10-Monitoring-Detection/MFG-E246-VPN-Logging-Assessment.md,md,3685,10-Monitoring-Detection
10-Monitoring-Detection/MFG-E247-Application-API-Logging-Assessment.md,md,3716,10-Monitoring-Detection
10-Monitoring-Detection/MFG-E248-Cloud-Logging-Assessment.md,md,3698,10-Monitoring-Detection
10-Monitoring-Detection/MFG-E249-SCADA-HMI-Logging-Assessment.md,md,3718,10-Monitoring-Detection
10-Monitoring-Detection/MFG-E250-Detection-Use-Case-Review.md,md,3691,10-Monitoring-Detection
10-Monitoring-Detection/MFG-E251-Incident-Response-Readiness.md,md,3704,10-Monitoring-Detection
11-Validation-Business-Impact/07-MASTER-Validation-Business-Impact.md,md,1473,11-Validation-Business-Impact
11-Validation-Business-Impact/MFG-E252-Manual-Finding-Validation.md,md,3663,11-Validation-Business-Impact
11-Validation-Business-Impact/MFG-E253-False-Positive-Reduction.md,md,3661,11-Validation-Business-Impact
11-Validation-Business-Impact/MFG-E254-Controlled-Exploit-Validation.md,md,3671,11-Validation-Business-Impact
11-Validation-Business-Impact/MFG-E255-Attack-Path-Analysis.md,md,3653,11-Validation-Business-Impact
11-Validation-Business-Impact/MFG-E256-Business-Impact-Analysis.md,md,3661,11-Validation-Business-Impact
11-Validation-Business-Impact/MFG-E257-Operational-Impact-Analysis.md,md,3667,11-Validation-Business-Impact
11-Validation-Business-Impact/MFG-E258-Production-Availability-Impact.md,md,3673,11-Validation-Business-Impact
11-Validation-Business-Impact/MFG-E259-Safety-Impact-Assessment.md,md,3644,11-Validation-Business-Impact
11-Validation-Business-Impact/MFG-E260-Engineering-IP-Impact.md,md,3647,11-Validation-Business-Impact
11-Validation-Business-Impact/MFG-E261-Data-Protection-Impact.md,md,3648,11-Validation-Business-Impact
11-Validation-Business-Impact/MFG-E262-Ransomware-Impact-Analysis.md,md,3665,11-Validation-Business-Impact
11-Validation-Business-Impact/MFG-E263-Supply-Chain-Impact.md,md,3638,11-Validation-Business-Impact
11-Validation-Business-Impact/MFG-E264-Recovery-Resilience-Assessment.md,md,3660,11-Validation-Business-Impact
11-Validation-Business-Impact/MFG-E265-Risk-Contextualization.md,md,3657,11-Validation-Business-Impact
12-Reporting-Remediation/08-MASTER-Reporting-Remediation-Retest.md,md,1439,12-Reporting-Remediation
12-Reporting-Remediation/MFG-E266-VAPT-Reporting-Methodology.md,md,3735,12-Reporting-Remediation
12-Reporting-Remediation/MFG-E267-Executive-Summary.md,md,3717,12-Reporting-Remediation
12-Reporting-Remediation/MFG-E268-Technical-Finding-Structure.md,md,3737,12-Reporting-Remediation
12-Reporting-Remediation/MFG-E269-Evidence-Standards.md,md,3719,12-Reporting-Remediation
12-Reporting-Remediation/MFG-E270-Severity-Risk-Rating.md,md,3727,12-Reporting-Remediation
12-Reporting-Remediation/MFG-E271-CVSS-Application.md,md,3715,12-Reporting-Remediation
12-Reporting-Remediation/MFG-E272-CWE-OWASP-Mapping.md,md,3717,12-Reporting-Remediation
12-Reporting-Remediation/MFG-E273-MITRE-ATT-CK-ICS-Mapping.md,md,3731,12-Reporting-Remediation
12-Reporting-Remediation/MFG-E274-Business-Impact-Writing.md,md,3729,12-Reporting-Remediation
12-Reporting-Remediation/MFG-E275-Remediation-Recommendation.md,md,3735,12-Reporting-Remediation
12-Reporting-Remediation/MFG-E276-Compensating-Controls.md,md,3725,12-Reporting-Remediation
12-Reporting-Remediation/MFG-E277-Remediation-Tracking.md,md,3723,12-Reporting-Remediation
12-Reporting-Remediation/MFG-E278-Retest-Methodology.md,md,3719,12-Reporting-Remediation
12-Reporting-Remediation/MFG-E279-Residual-Risk.md,md,3709,12-Reporting-Remediation
12-Reporting-Remediation/MFG-E280-Management-Walkthrough.md,md,3727,12-Reporting-Remediation
12-Reporting-Remediation/MFG-E281-Final-Scope-Coverage-Matrix.md,md,3741,12-Reporting-Remediation
13-Standards/MFG-STANDARDS-CONTROL-MAPPING.csv,csv,21380,13-Standards
13-Standards/MFG-STANDARDS-CONTROL-MAPPING.md,md,2289,13-Standards
13-Standards/MFG-STANDARDS-MAPPING-QA-REPORT.md,md,476,13-Standards
13-Standards/MFG-STANDARDS-REGISTRY.csv,csv,2859,13-Standards
13-Standards/NIST-Manufacturing-Profile.md,md,497,13-Standards
13-Standards/README.md,md,887,13-Standards
13-Standards/Regulatory-and-Contractual-Tailoring.md,md,1042,13-Standards
14-Tools/MFG-TEST-CASE-CATALOG.csv,csv,6653,14-Tools
14-Tools/MFG-TOOL-ASSET-PHASE-TEST-MAPPING.csv,csv,668460,14-Tools
14-Tools/MFG-TOOL-MAPPING-QA-REPORT.md,md,1043,14-Tools
14-Tools/MFG-TOOL-REGISTRY.csv,csv,15901,14-Tools
14-Tools/MFG-TOOL-TEST-MAPPING.csv,csv,11283,14-Tools
14-Tools/README.md,md,1789,14-Tools
15-Auditor-Checklists/MFG-AUDITOR-ASSET-CHECKLIST.csv,csv,267524,15-Auditor-Checklists
15-Auditor-Checklists/MFG-AUDITOR-CHECKLIST-QA-REPORT.md,md,1975,15-Auditor-Checklists
15-Auditor-Checklists/MFG-AUDITOR-MASTER-CHECKLIST.md,md,11607,15-Auditor-Checklists
15-Auditor-Checklists/MFG-AUDITOR-PHASE-CHECKLIST.csv,csv,26658,15-Auditor-Checklists
15-Auditor-Checklists/README.md,md,893,15-Auditor-Checklists
16-Findings-Evidence/MFG-EVIDENCE-RECORD-TEMPLATE.md,md,1307,16-Findings-Evidence
16-Findings-Evidence/MFG-FINDING-LIFECYCLE.md,md,2205,16-Findings-Evidence
16-Findings-Evidence/MFG-FINDING-TEMPLATE.md,md,1855,16-Findings-Evidence
16-Findings-Evidence/MFG-OBSERVATION-RECORD-TEMPLATE.md,md,1151,16-Findings-Evidence
16-Findings-Evidence/MFG-RETEST-RECORD-TEMPLATE.md,md,975,16-Findings-Evidence
16-Findings-Evidence/README.md,md,2559,16-Findings-Evidence
17-Threat-Attack-Paths/MFG-ASSET-THREAT-ATTACK-MAPPING.csv,csv,582704,17-Threat-Attack-Paths
17-Threat-Attack-Paths/MFG-ATTACK-PATH-CATALOG.csv,csv,20837,17-Threat-Attack-Paths
17-Threat-Attack-Paths/MFG-MITRE-ICS-TACTIC-CATALOG.csv,csv,1004,17-Threat-Attack-Paths
17-Threat-Attack-Paths/MFG-MITRE-ICS-TECHNIQUE-CATALOG.csv,csv,6607,17-Threat-Attack-Paths
17-Threat-Attack-Paths/MFG-THREAT-ATTACK-PATH-ASSESSMENT-METHODOLOGY.md,md,4506,17-Threat-Attack-Paths
17-Threat-Attack-Paths/MFG-THREAT-ATTACK-PATH-MATRIX.md,md,1936,17-Threat-Attack-Paths
17-Threat-Attack-Paths/MFG-THREAT-MAPPING-QA-REPORT.md,md,1238,17-Threat-Attack-Paths
17-Threat-Attack-Paths/README.md,md,1485,17-Threat-Attack-Paths
18-RAG-AI-Retrieval/MFG-RAG-ASSET-INDEX.csv,csv,313229,18-RAG-AI-Retrieval
18-RAG-AI-Retrieval/MFG-RAG-CHUNKING-SPEC.md,md,2229,18-RAG-AI-Retrieval
18-RAG-AI-Retrieval/MFG-RAG-DOCUMENT-CATALOG.csv,csv,145673,18-RAG-AI-Retrieval
18-RAG-AI-Retrieval/MFG-RAG-EVALUATION-DATASET.csv,csv,2457,18-RAG-AI-Retrieval
18-RAG-AI-Retrieval/MFG-RAG-KNOWLEDGE-INDEX.csv,csv,213341,18-RAG-AI-Retrieval
18-RAG-AI-Retrieval/MFG-RAG-KNOWLEDGE-INDEX.jsonl,jsonl,348712,18-RAG-AI-Retrieval
18-RAG-AI-Retrieval/MFG-RAG-METADATA-SCHEMA.yaml,yaml,650,18-RAG-AI-Retrieval
18-RAG-AI-Retrieval/MFG-RAG-QA-REPORT.md,md,1737,18-RAG-AI-Retrieval
18-RAG-AI-Retrieval/MFG-RAG-QUERY-ROUTING.md,md,822,18-RAG-AI-Retrieval
18-RAG-AI-Retrieval/MFG-RAG-RELATIONSHIP-INDEX.csv,csv,1750546,18-RAG-AI-Retrieval
18-RAG-AI-Retrieval/MFG-RAG-RETRIEVAL-POLICY.md,md,1476,18-RAG-AI-Retrieval
18-RAG-AI-Retrieval/README.md,md,1361,18-RAG-AI-Retrieval
CHANGELOG.md,md,2779,root
CONTRIBUTING.md,md,243,root
LICENSE,,346,root
PROJECT-SUMMARY.json,json,1121,root
README.md,md,4026,root
schemas/evidence-schema.yaml,yaml,726,schemas
schemas/finding-evidence-catalog.csv,csv,634,schemas
schemas/finding-schema.yaml,yaml,1004,schemas
schemas/knowledge-unit-catalog.csv,csv,66614,schemas
schemas/knowledge-unit-schema.yaml,yaml,182,schemas
schemas/observation-schema.yaml,yaml,504,schemas
schemas/rag-record-schema.yaml,yaml,462,schemas
schemas/retest-schema.yaml,yaml,583,schemas
