Attack Path ID,Attack Path,Typical Path,Description,MITRE Technique IDs,Tactic Sequence,Assessment Focus,Safety Mode,Expected Evidence,Potential Impact,Priority
AP-001,Internet-facing application to corporate foothold,External / Internet-Facing → Corporate IT,External application weakness or exposed management service can provide a path into enterprise systems.,T0819;T0883;T0866,Initial Access → Execution → Discovery → Lateral Movement,"External exposure, application/configuration review, segmentation, authentication, logging, safe validation.",Production-safe; no destructive exploitation.,Internet exposure inventory; architecture; auth evidence; logs; validated observations.,"Credential compromise, enterprise access, data exposure, potential path toward OT.",High
AP-002,Public remote access to internal network,Remote Access & Third Parties → Corporate IT / OT,"Externally reachable VPN, remote desktop gateway, bastion or vendor access may provide a path to internal resources.",T0822;T0859;T0886;T0884,Initial Access → Discovery → Lateral Movement,"Review exposure, MFA, device trust, authorization, routing, segmentation and monitoring.",Controlled; OT access path must be explicitly approved.,"VPN config, access logs, MFA evidence, routes, ACLs, session records.",Unauthorized internal/OT reachability; account misuse.,High
AP-003,Compromised identity to privileged enterprise access,Identity & Privilege → Corporate IT / Applications,"A weak, overprivileged, dormant, shared or compromised account can enable broad access.",T1694;T0859;T0890,Initial Access → Privilege Escalation → Discovery → Lateral Movement,"Review lifecycle, MFA, privilege boundaries, service accounts, PAM, break-glass and logging.",Read-only/config review preferred.,"IAM exports, group memberships, MFA/PAM settings, audit logs.",Unauthorized privileged access and downstream compromise.,High
AP-004,Phishing/social engineering to enterprise access,Corporate IT → Identity & Privilege,Targeted social engineering may obtain credentials or cause execution.,T0865;T0863;T0859,Initial Access → Execution → Persistence,Assess awareness and controls using approved simulations; never harvest real credentials without explicit authorization.,Controlled simulation only.,"Campaign authorization, results, mail controls, user/reporting metrics.",Account compromise and subsequent lateral movement.,Medium-High
AP-005,Third-party/vendor remote access to plant,Remote Access & Third Parties → OT / ICS,Vendor support channels can create trusted paths into plant environments.,T0822;T0859;T0886;T0864,Initial Access → Lateral Movement → Process Impact,"Review vendor accounts, time-bound access, jump hosts, approvals, monitoring, segmentation and session controls.",OT-safe; passive/config review by default.,"Vendor inventory, contracts, access logs, routes, jump-host records.","Unauthorized OT access, process manipulation, persistence.",High
AP-006,IT-to-OT trust-boundary traversal,Corporate IT → Industrial Networks / OT,Insufficient segmentation or permissive conduits can allow movement from business systems into OT.,T0846;T0886;T0884;T0859,Discovery → Lateral Movement → Command & Control,"Map zones/conduits, firewall policy, allowed flows, remote services and monitoring.",Passive/read-only unless ROE explicitly permits controlled validation.,"Network diagrams, firewall rules, flow records, packet metadata.",OT compromise and plant disruption.,Critical
AP-007,OT-to-IT pivot through shared services,OT / ICS → Corporate IT / Data,"Shared accounts, dual-homed hosts, gateways or data services may provide reverse movement.",T0846;T0886;T0867;T0884,Discovery → Lateral Movement → Collection,"Assess dual-homing, trust, routing, authentication and data exchange boundaries.",Passive/read-only by default.,"Routing, host configs, service relationships, logs.",Enterprise compromise or data exfiltration.,High
AP-008,Engineering workstation to controller,Engineering & IP → OT / ICS,"Compromise of engineering workstations can expose controller projects, credentials and programming functions.",T0859;T0845;T0873;T0843;T0889,Discovery → Collection → Persistence → Process Control,"Review engineering workstation hardening, project integrity, removable media, privileges, controller access and change control.",No live program changes; lab/digital twin for validation.,"Project hashes, access logs, engineering configs, change records.","PLC/DCS manipulation, IP theft, unsafe process change.",Critical
AP-009,Compromised project file to controller,Engineering & IP → OT / ICS,Malicious or unauthorized engineering project changes can reach controllers through approved engineering workflows.,T0873;T0843;T0889,Execution → Persistence → Process Control,"Assess project signing/integrity, repository controls, approval workflow, offline backups and download restrictions.",Do not download altered programs to production.,"Project integrity evidence, approvals, hashes, backup status.",Persistent process manipulation.,Critical
AP-010,Historian/data gateway to control environment,OT / ICS / Data → Control,"Weakly secured historians, gateways or protocol translators may expose control networks.",T0840;T0842;T0884;T1692,Discovery → Collection → C2 → Process Control,"Assess routing, protocol exposure, authentication, read/write permissions and monitoring.",Passive/read-only by default.,"Flow captures, ACLs, gateway configs, protocol inventory.",Unauthorized commands or loss of visibility.,High
AP-011,Industrial protocol misuse,Industrial Networks & Protocols → Field/Control,Unauthenticated or weakly protected industrial protocols may permit unauthorized messaging if network access is obtained.,T0830;T1691;T1692;T0869,Collection → Evasion → Process Control,"Review protocol security, trust boundaries, command/reporting paths, allowlists and monitoring; use lab for active message validation.",No production command injection.,"Protocol inventory, packet metadata/captures, ACLs, control documentation.",Process manipulation or hidden telemetry.,Critical
AP-012,PLC/control-server compromise to process manipulation,OT / ICS → Industrial / Cyber-Physical,"Access to control servers/controllers can expose program, parameter, mode or I/O manipulation opportunities.",T0858;T0843;T0889;T0836;T0831;T0835,Discovery → Process Control → Impact,"Review access control, engineering paths, change control, backups and monitoring.",Production-safe; use lab/digital twin for changes.,"Controller config, project backup, change logs, access logs.","Loss of control, production impact, safety impact.",Critical
AP-013,HMI compromise to loss of view/control,OT / ICS → HMI,HMI compromise can affect operator visibility or access to control functions.,T0823;T0852;T0815;T0813,Execution → Collection → Impact,"Review HMI hardening, least privilege, session controls, application allowlisting and monitoring.",No operator-disruptive actions in production.,"HMI config, sessions, logs, screen evidence.",Loss of view/control and delayed response.,Critical
AP-014,SCADA/DCS application compromise,OT / ICS → Corporate/OT applications,Application server weaknesses can expose control functions and process data.,T0819;T0871;T0834;T0866,Initial Access → Execution → Discovery → Process Control,"Assess application services, APIs, authentication, patching, segmentation and monitoring.",Controlled validation; avoid process changes.,"App configs, API evidence, service inventory, logs.",Control compromise and process disruption.,Critical
AP-015,Safety-system trust boundary compromise,OT / ICS → Physical / Facility / Safety,Weak separation between basic control and safety/protection systems can increase consequence potential.,T0837;T0880;T1691;T1692,Inhibit Response → Process Control → Impact,"Review SIS/Safety PLC architecture, independence, access, engineering controls, monitoring and change governance.",Safety systems are never actively manipulated in production for routine VAPT.,"Architecture, access lists, safety lifecycle evidence, logs, approvals.",Loss of protection/safety; personnel/environmental risk.,Critical
AP-016,Wireless access to plant/field network,Wireless / Mobile → Industrial Networks / OT,Weak industrial/corporate wireless controls may expose plant segments or field devices.,T0860;T0887;T0846,Initial Access → Discovery → Lateral Movement,"Assess segmentation, authentication, encryption, rogue device controls and monitoring.",Controlled RF testing; no interference/jamming.,"Wireless config, auth evidence, RF inventory, network mapping.",Unauthorized plant network access.,High
AP-017,Removable media to isolated OT,Wireless / Mobile / Physical → OT,USB/removable media can bridge isolated environments.,T0847;T0895;T0864,Initial Access → Execution → Persistence,"Assess media control, scanning, allowlisting, kiosk/process, transient asset governance and logs.",Use test media only under approved procedure.,"Media policy, logs, endpoint controls, approval records.",Malware introduction and OT compromise.,High
AP-018,Cloud-to-plant integration path,Cloud & Digital Infrastructure → API/Edge → OT,"Cloud services, edge gateways or private connectivity can create a path toward plant resources.",T0822;T0884;T0871;T0840,Initial Access → Discovery → Lateral Movement,"Review IAM, private connectivity, API permissions, routing, gateways and segmentation.",No unauthorized route changes.,"Cloud IAM, route tables, security groups, API logs, architecture.",Cross-environment compromise.,High
AP-019,Cloud storage/data exposure to IP theft,Cloud/Data → Engineering / Business,"Misconfigured object storage, databases or APIs can expose sensitive manufacturing data.",T0811;T0893;T0882,Discovery → Collection,"Review access policy, encryption, public exposure, secrets, logging and retention.",Read-only validation preferred.,"IAM/policy evidence, access logs, object ACLs, classification.","IP, PII, production and commercial data exposure.",High
AP-020,ERP/MES/QMS integration abuse,Enterprise Applications ↔ Manufacturing Operations,"Compromise of business/manufacturing applications or integrations may alter production, quality, inventory or scheduling data.",T0871;T0859;T0846;T0811,Initial Access → Execution → Discovery → Impact,"Review application/API authorization, service accounts, data integrity, segregation and interface controls.",No destructive business transactions.,"API logs, role matrices, interface configs, transaction evidence.",Production/quality/inventory manipulation.,High
AP-021,API/integration trust abuse,API & Integration → Enterprise/OT,Weak API authorization or integration trust can enable unauthorized data or actions across systems.,T0871;T0859;T1692,Execution → Discovery → Process/Business Impact,"Assess authN/authZ, scopes, mTLS/signatures where applicable, replay protection, rate controls and logging.",Non-destructive requests only.,"Requests/responses, API specs, auth policies, logs.",Cross-system unauthorized actions/data access.,High
AP-022,DevSecOps/software supply-chain path,Software Supply Chain / DevSecOps → Applications/OT,"Compromise of source, build, dependency, artifact or signing workflows can propagate to deployed systems.",T0862;T0873;T1693;T0849,Initial Access → Persistence → Execution,"Review source protection, CI/CD identity, dependency controls, SBOM, signing, artifact integrity and approvals.",No malicious artifact deployment to production.,"Pipeline logs, SBOM, signatures, repo permissions, artifact hashes.",Broad compromise across applications/engineering/OT.,Critical
AP-023,Firmware/update-channel compromise,Software Supply Chain → Industrial Devices,Compromised update mechanisms or unsigned/unverified firmware can affect industrial devices.,T0862;T1693;T0800,Initial Access → Persistence → Process Control,"Review update provenance, signing, validation, rollback, maintenance windows and vendor controls.",No firmware alteration on production devices.,"Firmware hashes/signatures, update records, vendor evidence.",Device compromise and process/safety effects.,Critical
AP-024,Backup compromise to recovery failure,Backup / DR → IT/OT,Attackers may target backups to reduce recovery capability before disruption.,T0809;T0826;T0828,Collection → Impact,"Review isolation, immutability, credentials, retention, restore testing and monitoring.",Do not delete/alter production backups during VAPT.,"Backup configs, immutability evidence, restore tests, access logs.",Extended outage and recovery failure.,Critical
AP-025,Ransomware from IT to manufacturing operations,Corporate IT → Manufacturing Operations / OT,"A corporate compromise may affect production-supporting systems, shared services and recovery capabilities.",T0859;T0886;T0867;T0809;T0826,Initial Access → Lateral Movement → Impact,"Assess segmentation, privileged access, EDR, backup resilience, application dependencies and response.",Validate through tabletop/lab unless explicit safe simulation.,"Network paths, EDR controls, backup evidence, IR records.",Production outage and recovery disruption.,Critical
AP-026,Physical access to cyber/OT assets,Physical / Facility / Safety → Corporate/OT,"Unauthorized physical access can enable direct interaction with devices, ports, consoles, removable media or engineering equipment.",T0847;T0864;T0883,Initial Access → Execution → Persistence,"Assess physical zones, badges, visitor controls, cabinet/console security and media controls.",No bypass of live safety/security controls without explicit authorization.,"Access logs, photographs where allowed, physical control evidence.",Direct device compromise or safety risk.,High
AP-027,Building/facility system to enterprise network,Physical / Facility / Safety → Corporate IT,BMS/HVAC/CCTV/access control networks can provide an unintended enterprise foothold if poorly segmented.,T0846;T0886;T0866,Discovery → Lateral Movement,"Review segmentation, default credentials, remote access, vendor support and monitoring.",No physical disruption.,"Network diagrams, ACLs, system configs, vendor access records.",Enterprise compromise or facility disruption.,High
AP-028,Plant utility compromise,Plant Utilities → OT / Cyber-Physical,"Compromise of power, water, HVAC, compressed air, steam or cooling controls can affect manufacturing availability/safety.",T0831;T0836;T0826;T0837,Process Control → Impact,"Assess utility dependencies, segmentation, access control, monitoring and manual fallback.",No manipulation of live utility controls.,"Dependency maps, access controls, logs, contingency evidence.","Production outage, equipment/process risk.",Critical
AP-029,Monitoring blind spot to attacker activity,Security Monitoring → All,Missing telemetry or weak detection can allow attacker activity to persist or evade response.,T0842;T0872;T0820,Discovery → Collection → Evasion,"Assess log coverage, OT telemetry, time sync, detection use cases, alert routing and retention.",Read-only validation and approved test events.,"Log samples, detection rules, alert evidence, time synchronization.",Delayed detection and response.,High
AP-030,Identity/logging/time-service degradation,Identity & Privilege / Cryptographic / Time → All,"Identity, PKI or time-service weaknesses can undermine authentication and event correlation.",T1694;T0859;T0820,Initial Access → Evasion → Lateral Movement,"Assess certificate trust, key protection, NTP/PTP architecture, identity dependencies and monitoring.",No destructive certificate/time changes.,"PKI configs, certificate inventory, time-source evidence, logs.",Authentication bypass or forensic blind spots.,High
AP-031,AI/analytics pipeline or model compromise,AI / Analytics → Data / Applications / Operations,"Compromise or manipulation of AI pipelines, data, models, APIs or model-serving infrastructure can affect decisions or expose sensitive data.",T0811;T0871;T0862;T0832,Collection → Execution → Impact,"Assess model/data access, pipeline identity, input validation, provenance, secrets, API authorization and monitoring.",No unsafe model-driven actuation tests in production.,"Model/data lineage, API logs, IAM, deployment evidence.","Incorrect predictions, IP/data exposure, operational decisions affected.",High
AP-032,Engineering/IP repository exfiltration,Engineering & IP / Data → External,"Designs, drawings, source code, BOMs, recipes and project files may be collected after repository compromise.",T0811;T0893;T0882,Discovery → Collection,"Assess repository permissions, segmentation, encryption, DLP, monitoring and retention.",Read-only access validation.,"Access logs, permissions, sample evidence, DLP alerts.",IP loss and competitive exposure.,High
AP-033,Mobile/handheld terminal compromise,Wireless / Mobile → Manufacturing / Warehouse,"Rugged tablets, barcode/RFID terminals and mobile apps can provide access to operational workflows.",T0860;T0859;T0871,Initial Access → Execution → Lateral Movement,"Review device management, app controls, identity, wireless segmentation and data storage.",Controlled test devices/accounts.,"MDM policy, app config, auth logs, network evidence.",Workflow manipulation/data exposure.,Medium-High
AP-034,Third-party software/update dependency,Remote Access & Third Parties / Supply Chain → Enterprise/OT,"Vendor software, drivers, packages, updates and support channels may introduce compromise.",T0862;T0864;T1693,Initial Access → Persistence → Execution,"Assess vendor assurance, signatures, provenance, SBOM, change approvals and monitoring.",No unapproved package/update installation.,"Vendor attestations, hashes/signatures, SBOM, change records.",Broad compromise or unsafe software.,High
AP-035,Data exchange gateway compromise,API & Integration / Industrial Networks → OT/Enterprise,"Protocol gateways, ESB, brokers, ETL and integration middleware can bridge trust zones.",T0884;T0871;T0840;T1692,Discovery → Lateral Movement → C2 → Process Control,"Assess interface authorization, protocol translation, allowlists, queues, certificates and logging.",Passive/read-only by default.,"Gateway config, ACLs, message logs, certificates.",Unauthorized cross-zone commands/data manipulation.,High
AP-036,Recovery-to-production reintroduction,Backup/DR / Engineering → OT,Compromised backup/project/image restored to production can reintroduce malicious or unsafe state.,T0862;T0873;T1693;T0809,Persistence → Execution → Process Control,"Assess golden-image provenance, backup integrity, restore validation, offline copies and change approval.",Validate in isolated recovery/lab where possible.,"Hashes, restore logs, golden image records, approvals.",Persistent compromise after recovery.,Critical
AP-037,Cross-site/plant connectivity path,Industrial Networks / Cloud / Remote Access → Multiple Plants,"WAN, SD-WAN, site-to-site VPN or shared services can create paths between plants.",T0822;T0884;T0846;T0886,Initial Access → Discovery → Lateral Movement,"Assess site isolation, routing, firewall policy, shared identity and monitoring.",No uncontrolled cross-site probing.,"WAN topology, ACLs, routes, flow logs.",Multi-site compromise or correlated outage.,High
AP-038,Quality/traceability data manipulation,Manufacturing Operations / Data → Production,"Compromise of QMS/LIMS/traceability/serialization data can create quality, compliance or recall risks without directly changing a PLC.",T0859;T0871;T0811;T0832,Initial Access → Collection → Impact,"Assess integrity, authorization, audit trails, segregation and reconciliation.",No destructive record changes.,"Transaction/audit logs, role matrices, integrity checks.","Bad product decisions, recall/compliance impact.",High
AP-039,Warehouse/logistics workflow compromise,Manufacturing Operations / Wireless → Supply Chain,"WMS, scanners, AGVs, ASRS and logistics integrations can affect material flow and production continuity.",T0860;T0871;T0859;T0826,Initial Access → Execution → Impact,"Assess wireless/app/API controls, device identity, segmentation and recovery.",No live movement commands.,"Workflow logs, device inventory, API evidence.",Material flow interruption and production delay.,High
AP-040,Transient contractor asset as bridge,Remote Access / Physical / Wireless → OT,"Temporary laptops, engineering tools or portable media may bridge trusted and untrusted environments.",T0864;T0847;T0859,Initial Access → Lateral Movement,"Assess onboarding, endpoint posture, isolation, media controls and teardown.",Controlled asset only.,"Asset check-in/out, posture evidence, access logs.",Unauthorized entry into OT or data exposure.,High
